TermTested,TermRostered,Subject,ASGType,NormsReferenceData,GrowthComparisonPeriod,WIStartTerm,WIEndTerm,OptionalGroupingCategory,OptionGroupingGroup,StudentID,StudentGrade,TestDate,StartScore,StartScoreSEM,StartPercentile,StartPercentileSE,StartTestDuration,EndTestDate,EndScore,EndScoreSEM,EndPercentile,EndPercentileSE,EndTestDuration,ProjectedScore,ProjectedGrowth,ObservedGrowth,,GrowthIndex,MetGrowthProjection?,ConditionalGrowthIndex,ConditionalGrowthPercentile,PercentageofStudentswhoMetorExceededtheirProjectedScore,PercentageofProjectedGrowthMet,CountofStudentswithGrowthProjectionAvailableandValidBeginningandEndingTermScores,CountofStudentswhoMetorExceededtheirProjectedGrowth,MedianConditionalGrowthPercentile,OptionalGroupingPercentageofStudentswhoMetorExceededtheirProjectedScore,OptionalGroupingOverallPercentageofProjectedScoreMet,OptionalGroupingCountofStudentswithGrowthProjectionAvailableandValidBeginningandEndingTermScores,OptionalGroupingCountofStudentswhoMetorExceededtheirProjectedGrowth,OptionalGroupingMedianConditionalGrowthPercentile,StartGrowthandAchievement,EndGrowthandAchievement,ConditionalGrowthPercentileAxis,AchievementPercentileAxis
Winter 2018-2019,Winter 2018-2019,Language Usage,Summary,2015,Fall 2018 - Winter 2019,4,17,NONE,,001-0073,5,,,,,,,1/31/2019,204,2.9,35,8,34,,,,,,,,,44,128.8,25,11,31,,,,,,,Low-A,50,50
Winter 2018-2019,Winter 2018-2019,Language Usage,Summary,2015,Fall 2018 - Winter 2019,4,17,NONE,,001-0002,***,9/27/2018,228,2.9,90,3,34,***,,,,,,229,1,,,,,,,44,128.8,25,11,31,,,,,,High-A,,50,50
Winter 2018-2019,Winter 2018-2019,Language Usage,Summary,2015,Fall 2018 - Winter 2019,4,17,NONE,,001-0001,***,9/27/2018,202,2.9,80,5,53,***,,,,,,207,5,,,,,,,50,77.2,14,7,48,,,,,,High-A,,50,50
Winter 2018-2019,Winter 2018-2019,Language Usage,Summary,2015,Fall 2018 - Winter 2019,4,17,NONE,,001-0003,2,9/27/2018,189,2.9,81,4,59,1/31/2019,201,3,87,4,46,196,7,12,4.2,5,Yes,0.9,82,50,77.2,14,7,48,,,,,,High-G/High-A,High-G/High-A,50,50
Winter 2018-2019,Winter 2018-2019,Language Usage,Summary,2015,Fall 2018 - Winter 2019,4,17,NONE,,001-0004,6,9/27/2018,246,3.1,99,<1,30,1/31/2019,250,3.3,99,<1,44,247,1,4,4.5,3,Yes*,1,83,70,427.3,10,7,84,,,,,,High-G/High-A,High-G/High-A,50,50
Winter 2018-2019,Winter 2018-2019,Language Usage,Summary,2015,Fall 2018 - Winter 2019,4,17,NONE,,001-0005,5,9/27/2018,216,2.9,77,6,40,1/31/2019,220,2.9,79,6,42,218,2,4,4.1,2,Yes*,0.3,64,44,128.8,25,11,31,,,,,,High-G/High-A,High-G/High-A,50,50
Winter 2018-2019,Winter 2018-2019,Language Usage,Summary,2015,Fall 2018 - Winter 2019,4,17,NONE,,001-0006,5,9/27/2018,215,2.9,75,6,25,1/31/2019,214,2.9,64,8,45,218,3,-1,4.1,-4,No*,-0.8,22,44,128.8,25,11,31,,,,,,Low-G/High-A,Low-G/High-A,50,50
Winter 2018-2019,Winter 2018-2019,Language Usage,Summary,2015,Fall 2018 - Winter 2019,4,17,NONE,,001-0010,1,,,,,,,1/31/2019,201,2.9,,,28,,,,,,,,,,,,,,,,,,,,,50,50
Winter 2018-2019,Winter 2018-2019,Language Usage,Summary,2015,Fall 2018 - Winter 2019,4,17,NONE,,001-0008,6,9/27/2018,227,2.9,88,4,60,1/31/2019,242,2.9,98,1,79,228,1,15,4.1,14,Yes,3,99,70,427.3,10,7,84,,,,,,High-G/High-A,High-G/High-A,50,50
Winter 2018-2019,Winter 2018-2019,Language Usage,Summary,2015,Fall 2018 - Winter 2019,4,17,NONE,,001-0009,8,9/27/2018,244,3.1,98,1,33,1/31/2019,250,3.3,99,<1,40,245,1,6,4.5,5,Yes,1.3,91,70,427.3,10,7,84,,,,,,High-G/High-A,High-G/High-A,50,50
Winter 2018-2019,Winter 2018-2019,Language Usage,Summary,2015,Fall 2018 - Winter 2019,4,17,NONE,,001-0012,4,9/27/2018,198,2.9,48,8,33,1/31/2019,204,2.9,51,8,25,203,5,6,4.1,1,Yes*,0.3,60,50,77.2,14,7,48,,,,,,High-G/Low-A,High-G/High-A,50,50
Winter 2018-2019,Winter 2018-2019,Language Usage,Summary,2015,Fall 2018 - Winter 2019,4,17,NONE,,001-0074,4,,,,,,,1/31/2019,204,2.9,51,8,43,,,,,,,,,44,128.8,25,11,31,,,,,,,High-A,50,50
Winter 2018-2019,Winter 2018-2019,Language Usage,Summary,2015,Fall 2018 - Winter 2019,4,17,NONE,,001-0072,2,,,,,,,1/31/2019,163,2.9,9,4,20,,,,,,,,,50,77.2,14,7,48,,,,,,,Low-A,50,50
Winter 2018-2019,Winter 2018-2019,Language Usage,Summary,2015,Fall 2018 - Winter 2019,4,17,NONE,,001-0013,7,9/27/2018,215,2.9,53,8,71,1/31/2019,229,2.9,83,5,72,217,2,14,4.1,12,Yes,2.6,99,70,427.3,10,7,84,,,,,,High-G/High-A,High-G/High-A,50,50
Winter 2018-2019,Winter 2018-2019,Language Usage,Summary,2015,Fall 2018 - Winter 2019,4,17,NONE,,001-0014,5,9/27/2018,209,2.9,60,7,26,1/31/2019,206,2.9,41,8,38,212,3,-3,4.1,-6,No,-1.3,9,44,128.8,25,11,31,,,,,,Low-G/High-A,Low-G/Low-A,50,50
Winter 2018-2019,Winter 2018-2019,Language Usage,Summary,2015,Fall 2018 - Winter 2019,4,17,NONE,,16,***,9/27/2018,223,2.9,74,7,61,***,,,,,,224,1,,,,,,,70,427.3,10,7,84,,,,,,High-A,,50,50
Winter 2018-2019,Winter 2018-2019,Language Usage,Summary,2015,Fall 2018 - Winter 2019,4,17,NONE,,001-0015,5,9/27/2018,200,2.9,34,8,59,1/31/2019,205,3.3,38,10,52,204,4,5,4.4,1,Yes*,0.2,58,44,128.8,25,11,31,,,,,,High-G/Low-A,High-G/Low-A,50,50
Winter 2018-2019,Winter 2018-2019,Language Usage,Summary,2015,Fall 2018 - Winter 2019,4,17,NONE,,17,7,9/27/2018,169,2.9,1,<1,33,1/31/2019,202,3,15,6,85,175,6,33,4.2,27,Yes,5.9,99,44,128.8,25,11,31,,,,,,High-G/Low-A,High-G/Low-A,50,50
Winter 2018-2019,Winter 2018-2019,Language Usage,Summary,2015,Fall 2018 - Winter 2019,4,17,NONE,,001-0018,6,9/27/2018,212,2.9,54,8,34,1/31/2019,212,2.9,46,8,45,215,3,0,4.1,-3,No*,-0.6,29,44,128.8,25,11,31,,,,,,Low-G/High-A,Low-G/Low-A,50,50
Winter 2018-2019,Winter 2018-2019,Language Usage,Summary,2015,Fall 2018 - Winter 2019,4,17,NONE,,001-0069,8,,,,,,,1/31/2019,214,2.9,39,8,27,,,,,,,,,70,427.3,10,7,84,,,,,,,Low-A,50,50
Winter 2018-2019,Winter 2018-2019,Language Usage,Summary,2015,Fall 2018 - Winter 2019,4,17,NONE,,001-0020,5,9/27/2018,218,2.9,81,5,30,1/31/2019,213,2.9,62,8,45,220,2,-5,4.1,-7,No,-1.6,6,44,128.8,25,11,31,,,,,,Low-G/High-A,Low-G/High-A,50,50
Winter 2018-2019,Winter 2018-2019,Language Usage,Summary,2015,Fall 2018 - Winter 2019,4,17,NONE,,001-0019,5,9/27/2018,228,2.9,95,2,42,1/31/2019,227,2.9,91,3,45,229,1,-1,4.1,-2,No*,-0.5,31,44,128.8,25,11,31,,,,,,Low-G/High-A,Low-G/High-A,50,50
Winter 2018-2019,Winter 2018-2019,Language Usage,Summary,2015,Fall 2018 - Winter 2019,4,17,NONE,,001-0022,3,9/27/2018,188,3,46,8,29,1/31/2019,195,3,48,8,32,194,6,7,4.2,1,Yes*,0.1,54,50,77.2,14,7,48,,,,,,High-G/Low-A,High-G/Low-A,50,50
Winter 2018-2019,Winter 2018-2019,Language Usage,Summary,2015,Fall 2018 - Winter 2019,4,17,NONE,,001-0021,1,,,,,,,1/31/2019,184,3,,,25,,,,,,,,,,,,,,,,,,,,,50,50
Winter 2018-2019,Winter 2018-2019,Language Usage,Summary,2015,Fall 2018 - Winter 2019,4,17,NONE,,001-0023,***,9/27/2018,230,2.9,92,3,46,***,,,,,,231,1,,,,,,,44,128.8,25,11,31,,,,,,High-A,,50,50
Winter 2018-2019,Winter 2018-2019,Language Usage,Summary,2015,Fall 2018 - Winter 2019,4,17,NONE,,001-0024,3,9/27/2018,200,2.9,76,5,31,1/31/2019,201,2.9,64,8,22,205,5,1,4.1,-4,No*,-0.9,19,50,77.2,14,7,48,,,,,,Low-G/High-A,Low-G/High-A,50,50
Winter 2018-2019,Winter 2018-2019,Language Usage,Summary,2015,Fall 2018 - Winter 2019,4,17,NONE,,001-0025,5,9/27/2018,226,2.9,93,2,36,1/31/2019,221,3,81,6,30,227,1,-5,4.2,-6,No,-1.4,8,44,128.8,25,11,31,,,,,,Low-G/High-A,Low-G/High-A,50,50
Winter 2018-2019,Winter 2018-2019,Language Usage,Summary,2015,Fall 2018 - Winter 2019,4,17,NONE,,001-0026,1,,,,,,,1/31/2019,191,3.1,,,18,,,,,,,,,,,,,,,,,,,,,50,50
Winter 2018-2019,Winter 2018-2019,Language Usage,Summary,2015,Fall 2018 - Winter 2019,4,17,NONE,,001-0027,6,9/27/2018,214,2.9,59,8,35,1/31/2019,214,2.9,52,8,79,216,2,0,4.1,-2,No*,-0.5,30,44,128.8,25,11,31,,,,,,Low-G/High-A,Low-G/High-A,50,50
Winter 2018-2019,Winter 2018-2019,Language Usage,Summary,2015,Fall 2018 - Winter 2019,4,17,NONE,,001-0028,5,9/27/2018,218,2.9,81,5,40,1/31/2019,214,2.9,64,8,37,220,2,-4,4.1,-6,No,-1.4,9,44,128.8,25,11,31,,,,,,Low-G/High-A,Low-G/High-A,50,50
Winter 2018-2019,Winter 2018-2019,Language Usage,Summary,2015,Fall 2018 - Winter 2019,4,17,NONE,,001-0029,7,9/27/2018,222,3,72,7,52,1/31/2019,228,2.9,81,5,84,223,1,6,4.2,5,Yes,1,84,70,427.3,10,7,84,,,,,,High-G/High-A,High-G/High-A,50,50
Winter 2018-2019,Winter 2018-2019,Language Usage,Summary,2015,Fall 2018 - Winter 2019,4,17,NONE,,001-0030,5,9/27/2018,227,2.9,94,2,63,1/31/2019,224,2.9,87,4,82,228,1,-3,4.1,-4,No*,-0.9,17,44,128.8,25,11,31,,,,,,Low-G/High-A,Low-G/High-A,50,50
Winter 2018-2019,Winter 2018-2019,Language Usage,Summary,2015,Fall 2018 - Winter 2019,4,17,NONE,,001-0031,7,9/27/2018,248,3.1,99,<1,50,1/31/2019,248,3.1,99,<1,56,249,1,0,4.4,-1,No*,0.2,56,70,427.3,10,7,84,,,,,,Low-G/High-A,Low-G/High-A,50,50
Winter 2018-2019,Winter 2018-2019,Language Usage,Summary,2015,Fall 2018 - Winter 2019,4,17,NONE,,001-0032,5,9/27/2018,215,2.9,75,6,44,1/31/2019,215,2.9,67,8,58,218,3,0,4.1,-3,No*,-0.6,29,44,128.8,25,11,31,,,,,,Low-G/High-A,Low-G/High-A,50,50
Winter 2018-2019,Winter 2018-2019,Language Usage,Summary,2015,Fall 2018 - Winter 2019,4,17,NONE,,001-0035,1,,,,,,,1/31/2019,179,2.9,,,74,,,,,,,,,,,,,,,,,,,,,50,50
Winter 2018-2019,Winter 2018-2019,Language Usage,Summary,2015,Fall 2018 - Winter 2019,4,17,NONE,,001-0033,3,9/27/2018,200,3.1,76,6,44,1/31/2019,208,2.9,80,6,37,205,5,8,4.2,3,Yes*,0.6,72,50,77.2,14,7,48,,,,,,High-G/High-A,High-G/High-A,50,50
Winter 2018-2019,Winter 2018-2019,Language Usage,Summary,2015,Fall 2018 - Winter 2019,4,17,NONE,,001-0034,5,9/27/2018,227,2.9,94,2,52,1/31/2019,232,2.9,96,1,57,228,1,5,4.1,4,Yes*,0.8,79,44,128.8,25,11,31,,,,,,High-G/High-A,High-G/High-A,50,50
Winter 2018-2019,Winter 2018-2019,Language Usage,Summary,2015,Fall 2018 - Winter 2019,4,17,NONE,,001-0036,3,9/27/2018,191,2.9,54,8,56,1/31/2019,196,2.9,51,8,59,197,6,5,4.1,-1,No*,-0.2,41,50,77.2,14,7,48,,,,,,Low-G/High-A,Low-G/High-A,50,50
Winter 2018-2019,Winter 2018-2019,Language Usage,Summary,2015,Fall 2018 - Winter 2019,4,17,NONE,,001-0037,5,9/27/2018,225,2.9,92,3,51,1/31/2019,223,2.9,85,5,38,227,2,-2,4.1,-4,No*,-0.8,22,44,128.8,25,11,31,,,,,,Low-G/High-A,Low-G/High-A,50,50
Winter 2018-2019,Winter 2018-2019,Language Usage,Summary,2015,Fall 2018 - Winter 2019,4,17,NONE,,001-0066,4,,,,,,,1/31/2019,240,2.9,99,<1,35,,,,,,,,,44,128.8,25,11,31,,,,,,,High-A,50,50
Winter 2018-2019,Winter 2018-2019,Language Usage,Summary,2015,Fall 2018 - Winter 2019,4,17,NONE,,001-0038,1,,,,,,,1/31/2019,198,2.9,,,86,,,,,,,,,,,,,,,,,,,,,50,50
Winter 2018-2019,Winter 2018-2019,Language Usage,Summary,2015,Fall 2018 - Winter 2019,4,17,NONE,,001-0039,5,9/27/2018,188,3,10,5,14,1/31/2019,187,3,5,3,31,193,5,-1,4.2,-6,No,-1.3,9,44,128.8,25,11,31,,,,,,Low-G/Low-A,Low-G/Low-A,50,50
Winter 2018-2019,Winter 2018-2019,Language Usage,Summary,2015,Fall 2018 - Winter 2019,4,17,NONE,,001-0040,4,9/27/2018,219,2.9,92,2,48,1/31/2019,217,2.9,83,5,21,222,3,-2,4.1,-5,No,-1,15,50,77.2,14,7,48,,,,,,Low-G/High-A,Low-G/High-A,50,50
Winter 2018-2019,Winter 2018-2019,Language Usage,Summary,2015,Fall 2018 - Winter 2019,4,17,NONE,,001-0068,1,,,,,,,1/31/2019,205,2.9,,,47,,,,,,,,,,,,,,,,,,,,,50,50
Winter 2018-2019,Winter 2018-2019,Language Usage,Summary,2015,Fall 2018 - Winter 2019,4,17,NONE,,001-0041,7,9/27/2018,240,2.9,97,1,50,1/31/2019,235,2.9,92,3,56,241,1,-5,4.1,-6,No,-1.1,14,70,427.3,10,7,84,,,,,,Low-G/High-A,Low-G/High-A,50,50
Winter 2018-2019,Winter 2018-2019,Language Usage,Summary,2015,Fall 2018 - Winter 2019,4,17,NONE,,001-0042,5,9/27/2018,192,2.9,16,6,51,1/31/2019,200,2.9,25,7,49,197,5,8,4.1,3,Yes*,0.7,76,44,128.8,25,11,31,,,,,,High-G/Low-A,High-G/Low-A,50,50
Winter 2018-2019,Winter 2018-2019,Language Usage,Summary,2015,Fall 2018 - Winter 2019,4,17,NONE,,001-0075,6,,,,,,,1/31/2019,220,3,69,7,124,,,,,,,,,44,128.8,25,11,31,,,,,,,High-A,50,50
Winter 2018-2019,Winter 2018-2019,Language Usage,Summary,2015,Fall 2018 - Winter 2019,4,17,NONE,,001-0044,7,9/27/2018,234,2.9,93,2,78,1/31/2019,230,2.9,85,4,89,235,1,-4,4.1,-5,No,-1,16,70,427.3,10,7,84,,,,,,Low-G/High-A,Low-G/High-A,50,50
Winter 2018-2019,Winter 2018-2019,Language Usage,Summary,2015,Fall 2018 - Winter 2019,4,17,NONE,,001-0046,5,9/27/2018,225,2.9,92,3,57,1/31/2019,227,2.9,91,3,56,227,2,2,4.1,0,Yes*,0.1,54,44,128.8,25,11,31,,,,,,High-G/High-A,High-G/High-A,50,50
Winter 2018-2019,Winter 2018-2019,Language Usage,Summary,2015,Fall 2018 - Winter 2019,4,17,NONE,,001-0045,7,9/27/2018,238,2.9,96,1,41,1/31/2019,247,3.1,99,<1,59,239,1,9,4.2,8,Yes,1.9,97,70,427.3,10,7,84,,,,,,High-G/High-A,High-G/High-A,50,50
Winter 2018-2019,Winter 2018-2019,Language Usage,Summary,2015,Fall 2018 - Winter 2019,4,17,NONE,,001-0043,5,9/27/2018,231,2.9,97,1,51,1/31/2019,234,2.9,97,1,39,232,1,3,4.1,2,Yes*,0.5,68,44,128.8,25,11,31,,,,,,High-G/High-A,High-G/High-A,50,50
Winter 2018-2019,Winter 2018-2019,Language Usage,Summary,2015,Fall 2018 - Winter 2019,4,17,NONE,,001-0047,5,9/27/2018,217,2.9,79,6,85,1/31/2019,219,2.9,77,6,73,219,2,2,4.1,0,Yes*,-0.1,47,44,128.8,25,11,31,,,,,,High-G/High-A,High-G/High-A,50,50
Winter 2018-2019,Winter 2018-2019,Language Usage,Summary,2015,Fall 2018 - Winter 2019,4,17,NONE,,001-0070,2,,,,,,,1/31/2019,216,2.9,98,1,46,,,,,,,,,50,77.2,14,7,48,,,,,,,High-A,50,50
Winter 2018-2019,Winter 2018-2019,Language Usage,Summary,2015,Fall 2018 - Winter 2019,4,17,NONE,,001-0048,3,9/27/2018,190,3,52,7,16,1/31/2019,197,3,54,8,13,196,6,7,4.2,1,Yes*,0.2,56,50,77.2,14,7,48,,,,,,High-G/High-A,High-G/High-A,50,50
Winter 2018-2019,Winter 2018-2019,Language Usage,Summary,2015,Fall 2018 - Winter 2019,4,17,NONE,,001-0049,3,9/27/2018,188,2.9,46,8,55,1/31/2019,190,2.9,34,8,35,194,6,2,4.1,-4,No*,-0.9,18,50,77.2,14,7,48,,,,,,Low-G/Low-A,Low-G/Low-A,50,50
Winter 2018-2019,Winter 2018-2019,Language Usage,Summary,2015,Fall 2018 - Winter 2019,4,17,NONE,,001-0050,6,,,,,,,1/31/2019,218,2.9,63,8,37,,,,,,,,,44,128.8,25,11,31,,,,,,,High-A,50,50
Winter 2018-2019,Winter 2018-2019,Language Usage,Summary,2015,Fall 2018 - Winter 2019,4,17,NONE,,001-0052,1,,,,,,,1/31/2019,157,3.1,,,22,,,,,,,,,,,,,,,,,,,,,50,50
Winter 2018-2019,Winter 2018-2019,Language Usage,Summary,2015,Fall 2018 - Winter 2019,4,17,NONE,,001-0065,6,9/27/2018,174,2.9,1,<1,43,1/31/2019,213,3.1,49,9,50,180,6,39,4.2,33,Yes,6.9,99,44,128.8,25,11,31,,,,,,High-G/Low-A,High-G/Low-A,50,50
Winter 2018-2019,Winter 2018-2019,Language Usage,Summary,2015,Fall 2018 - Winter 2019,4,17,NONE,,001-0054,1,,,,,,,1/31/2019,186,3,,,39,,,,,,,,,,,,,,,,,,,,,50,50
Winter 2018-2019,Winter 2018-2019,Language Usage,Summary,2015,Fall 2018 - Winter 2019,4,17,NONE,,001-0053,3,9/27/2018,189,2.9,49,8,28,1/31/2019,203,2.9,69,7,30,195,6,14,4.1,8,Yes,1.6,94,50,77.2,14,7,48,,,,,,High-G/Low-A,High-G/High-A,50,50
Winter 2018-2019,Winter 2018-2019,Language Usage,Summary,2015,Fall 2018 - Winter 2019,4,17,NONE,,001-0056,6,9/27/2018,229,2.9,91,3,63,1/31/2019,229,2.9,88,4,64,230,1,0,4.1,-1,No*,-0.2,41,44,128.8,25,11,31,,,,,,Low-G/High-A,Low-G/High-A,50,50
Winter 2018-2019,Winter 2018-2019,Language Usage,Summary,2015,Fall 2018 - Winter 2019,4,17,NONE,,001-0055,4,9/27/2018,195,3.1,40,8,57,1/31/2019,191,2.9,18,6,28,200,5,-4,4.2,-9,No,-2,3,50,77.2,14,7,48,,,,,,Low-G/Low-A,Low-G/Low-A,50,50
Winter 2018-2019,Winter 2018-2019,Language Usage,Summary,2015,Fall 2018 - Winter 2019,4,17,NONE,,001-0057,2,9/27/2018,178,2.9,58,7,33,1/31/2019,193,3,73,6,30,186,8,15,4.2,7,Yes,1.2,89,50,77.2,14,7,48,,,,,,High-G/High-A,High-G/High-A,50,50
Winter 2018-2019,Winter 2018-2019,Language Usage,Summary,2015,Fall 2018 - Winter 2019,4,17,NONE,,001-0058,5,9/27/2018,188,3,10,5,31,1/31/2019,203,2.9,32,9,46,193,5,15,4.2,10,Yes,2.1,98,44,128.8,25,11,31,,,,,,High-G/Low-A,High-G/Low-A,50,50
Winter 2018-2019,Winter 2018-2019,Language Usage,Summary,2015,Fall 2018 - Winter 2019,4,17,NONE,,001-0059,6,9/27/2018,178,3,1,1,24,1/31/2019,172,3.3,1,<1,30,184,6,-6,4.5,-12,No,-2.4,1,44,128.8,25,11,31,,,,,,Low-G/Low-A,Low-G/Low-A,50,50
Winter 2018-2019,Winter 2018-2019,Language Usage,Summary,2015,Fall 2018 - Winter 2019,4,17,NONE,,001-0060,4,9/27/2018,207,2.9,71,7,44,1/31/2019,205,2.9,54,8,36,211,4,-2,4.1,-6,No,-1.3,10,50,77.2,14,7,48,,,,,,Low-G/High-A,Low-G/High-A,50,50
Winter 2018-2019,Winter 2018-2019,Language Usage,Summary,2015,Fall 2018 - Winter 2019,4,17,NONE,,61,4,9/27/2018,176,3,6,3,41,1/31/2019,168,2.9,1,<1,17,183,7,-8,4.2,-15,No,-3.3,1,50,77.2,14,7,48,,,,,,Low-G/Low-A,Low-G/Low-A,50,50
Winter 2018-2019,Winter 2018-2019,Language Usage,Summary,2015,Fall 2018 - Winter 2019,4,17,NONE,,001-0062,8,9/27/2018,242,2.9,97,1,76,1/31/2019,244,3,97,1,62,243,1,2,4.2,1,Yes*,0.5,69,70,427.3,10,7,84,,,,,,High-G/High-A,High-G/High-A,50,50
Winter 2018-2019,Winter 2018-2019,Language Usage,Summary,2015,Fall 2018 - Winter 2019,4,17,NONE,,001-0063,5,9/27/2018,201,2.9,37,8,24,1/31/2019,210,2.9,53,8,37,205,4,9,4.1,5,Yes,1.1,87,44,128.8,25,11,31,,,,,,High-G/Low-A,High-G/High-A,50,50
Winter 2018-2019,Winter 2018-2019,Language Usage,Summary,2015,Fall 2018 - Winter 2019,4,17,NONE,,001-0071,3,,,,,,,1/31/2019,223,3.1,97,1,35,,,,,,,,,50,77.2,14,7,48,,,,,,,High-A,50,50
Winter 2018-2019,Winter 2018-2019,Mathematics,Summary,2015,Fall 2018 - Winter 2019,4,17,NONE,,001-0073,5,,,,,,,1/30/2019,215,2.9,47,8,41,,,,,,,,,46.2,80.4,26,12,34,,,,,,,Low-A,50,50
Winter 2018-2019,Winter 2018-2019,Mathematics,Summary,2015,Fall 2018 - Winter 2019,4,17,NONE,,001-0002,***,9/26/2018,230,3,79,5,62,***,,,,,,233,3,,,,,,,46.2,80.4,26,12,34,,,,,,High-A,,50,50
Winter 2018-2019,Winter 2018-2019,Mathematics,Summary,2015,Fall 2018 - Winter 2019,4,17,NONE,,001-0001,***,9/26/2018,211,2.9,94,2,40,***,,,,,,216,5,,,,,,,57.1,78.8,14,8,48,,,,,,High-A,,50,50
Winter 2018-2019,Winter 2018-2019,Mathematics,Summary,2015,Fall 2018 - Winter 2019,4,17,NONE,,001-0003,2,9/26/2018,195,2.9,91,3,56,1/30/2019,201,2.9,89,4,41,201,6,6,4.1,0,Yes*,-0.1,46,57.1,78.8,14,8,48,,,,,,High-G/High-A,High-G/High-A,50,50
Winter 2018-2019,Winter 2018-2019,Mathematics,Summary,2015,Fall 2018 - Winter 2019,4,17,NONE,,001-0004,6,9/26/2018,281,3.1,99,<1,107,1/30/2019,293,3.6,99,<1,103,283,2,12,4.8+,10,Yes,1.9,97,70,209.5,10,7,71,,,,,,High-G/High-A,High-G/High-A,50,50
Winter 2018-2019,Winter 2018-2019,Mathematics,Summary,2015,Fall 2018 - Winter 2019,4,17,NONE,,001-0005,5,9/26/2018,213,2.9,54,8,32,1/30/2019,218,2.9,55,7,70,218,5,5,4.1,0,Yes*,0.1,53,46.2,80.4,26,12,34,,,,,,High-G/High-A,High-G/High-A,50,50
Winter 2018-2019,Winter 2018-2019,Mathematics,Summary,2015,Fall 2018 - Winter 2019,4,17,NONE,,001-0006,5,9/26/2018,218,2.9,67,7,24,1/30/2019,229,2.9,80,5,45,223,5,11,4.1,6,Yes,1.3,91,46.2,80.4,26,12,34,,,,,,High-G/High-A,High-G/High-A,50,50
Winter 2018-2019,Winter 2018-2019,Mathematics,Summary,2015,Fall 2018 - Winter 2019,4,17,NONE,,001-0010,1,9/26/2018,201,3.4,99,<1,31,1/30/2019,205,3.2,99,<1,24,207,6,4,4.7,-2,No*,-0.4,36,66.7,156.1,9,6,88,,,,,,Low-G/High-A,Low-G/High-A,50,50
Winter 2018-2019,Winter 2018-2019,Mathematics,Summary,2015,Fall 2018 - Winter 2019,4,17,NONE,,001-0008,6,9/26/2018,248,3,97,1,127,1/30/2019,255,3.1,98,1,139,251,3,7,4.3,4,Yes*,0.9,80,70,209.5,10,7,71,,,,,,High-G/High-A,High-G/High-A,50,50
Winter 2018-2019,Winter 2018-2019,Mathematics,Summary,2015,Fall 2018 - Winter 2019,4,17,NONE,,001-0009,8,9/26/2018,265,2.9,98,1,80,1/30/2019,269,3,99,<1,85,266,1,4,4.2,3,Yes*,0.5,69,70,209.5,10,7,71,,,,,,High-G/High-A,High-G/High-A,50,50
Winter 2018-2019,Winter 2018-2019,Mathematics,Summary,2015,Fall 2018 - Winter 2019,4,17,NONE,,001-0011,K,9/26/2018,157,3.2,87,4,28,1/30/2019,172,3.3,94,3,40,164,7,15,4.6,8,Yes,1.5,93,66.7,156.1,9,6,88,,,,,,High-G/High-A,High-G/High-A,50,50
Winter 2018-2019,Winter 2018-2019,Mathematics,Summary,2015,Fall 2018 - Winter 2019,4,17,NONE,,001-0012,4,9/26/2018,213,3.1,79,6,50,1/30/2019,215,2.9,70,7,40,218,5,2,4.2,-3,No*,-0.7,26,57.1,78.8,14,8,48,,,,,,Low-G/High-A,Low-G/High-A,50,50
Winter 2018-2019,Winter 2018-2019,Mathematics,Summary,2015,Fall 2018 - Winter 2019,4,17,NONE,,001-0074,4,,,,,,,1/30/2019,198,2.9,25,7,46,,,,,,,,,46.2,80.4,26,12,34,,,,,,,Low-A,50,50
Winter 2018-2019,Winter 2018-2019,Mathematics,Summary,2015,Fall 2018 - Winter 2019,4,17,NONE,,001-0072,2,,,,,,,1/30/2019,168,3,10,5,25,,,,,,,,,57.1,78.8,14,8,48,,,,,,,Low-A,50,50
Winter 2018-2019,Winter 2018-2019,Mathematics,Summary,2015,Fall 2018 - Winter 2019,4,17,NONE,,001-0013,7,9/26/2018,220,2.9,44,7,94,1/30/2019,225,2.9,49,7,64,223,3,5,4.1,2,Yes*,0.4,67,70,209.5,10,7,71,,,,,,High-G/Low-A,High-G/Low-A,50,50
Winter 2018-2019,Winter 2018-2019,Mathematics,Summary,2015,Fall 2018 - Winter 2019,4,17,NONE,,001-0014,5,9/26/2018,193,2.9,10,4,25,1/30/2019,206,2.9,25,7,34,198,5,13,4.1,8,Yes,1.7,95,46.2,80.4,26,12,34,,,,,,High-G/Low-A,High-G/Low-A,50,50
Winter 2018-2019,Winter 2018-2019,Mathematics,Summary,2015,Fall 2018 - Winter 2019,4,17,NONE,,16,***,9/26/2018,217,2.9,37,6,102,***,,,,,,220,3,,,,,,,70,209.5,10,7,71,,,,,,Low-A,,50,50
Winter 2018-2019,Winter 2018-2019,Mathematics,Summary,2015,Fall 2018 - Winter 2019,4,17,NONE,,001-0015,5,9/26/2018,194,2.9,12,4,57,2/4/2019,197,2.9,10,4,50,199,5,3,4.1,-2,No*,-0.4,33,46.2,80.4,26,12,34,,,,,,Low-G/Low-A,Low-G/Low-A,50,50
Winter 2018-2019,Winter 2018-2019,Mathematics,Summary,2015,Fall 2018 - Winter 2019,4,17,NONE,,17,7,9/26/2018,188,2.9,2,1,33,1/30/2019,197,3,5,2,73,191,3,9,4.2,6,Yes,1.2,88,46.2,80.4,26,12,34,,,,,,High-G/Low-A,High-G/Low-A,50,50
Winter 2018-2019,Winter 2018-2019,Mathematics,Summary,2015,Fall 2018 - Winter 2019,4,17,NONE,,001-0018,6,9/26/2018,221,2.9,59,7,31,1/30/2019,211,2.9,26,6,41,225,4,-10,4.1,-14,No,-2.8,1,46.2,80.4,26,12,34,,,,,,Low-G/High-A,Low-G/Low-A,50,50
Winter 2018-2019,Winter 2018-2019,Mathematics,Summary,2015,Fall 2018 - Winter 2019,4,17,NONE,,001-0069,8,,,,,,,1/30/2019,223,2.9,38,6,36,,,,,,,,,70,209.5,10,7,71,,,,,,,Low-A,50,50
Winter 2018-2019,Winter 2018-2019,Mathematics,Summary,2015,Fall 2018 - Winter 2019,4,17,NONE,,001-0020,5,9/26/2018,214,2.9,57,8,29,1/30/2019,208,2.9,29,7,34,219,5,-6,4.1,-11,No,-2.2,1,46.2,80.4,26,12,34,,,,,,Low-G/High-A,Low-G/Low-A,50,50
Winter 2018-2019,Winter 2018-2019,Mathematics,Summary,2015,Fall 2018 - Winter 2019,4,17,NONE,,001-0019,5,9/26/2018,243,3,98,1,30,1/30/2019,238,2.9,93,2,48,247,4,-5,4.2,-9,No,-1.9,3,46.2,80.4,26,12,34,,,,,,Low-G/High-A,Low-G/High-A,50,50
Winter 2018-2019,Winter 2018-2019,Mathematics,Summary,2015,Fall 2018 - Winter 2019,4,17,NONE,,001-0022,3,9/26/2018,185,2.9,34,8,34,1/30/2019,200,2.9,60,8,36,192,7,15,4.1,8,Yes,1.8,96,57.1,78.8,14,8,48,,,,,,High-G/Low-A,High-G/High-A,50,50
Winter 2018-2019,Winter 2018-2019,Mathematics,Summary,2015,Fall 2018 - Winter 2019,4,17,NONE,,001-0021,1,9/26/2018,183,3.2,94,3,18,1/30/2019,187,3.2,88,4,24,191,8,4,4.5,-4,No*,-0.7,24,66.7,156.1,9,6,88,,,,,,Low-G/High-A,Low-G/High-A,50,50
Winter 2018-2019,Winter 2018-2019,Mathematics,Summary,2015,Fall 2018 - Winter 2019,4,17,NONE,,001-0023,***,9/26/2018,235,2.9,87,3,64,***,,,,,,238,3,,,,,,,46.2,80.4,26,12,34,,,,,,High-A,,50,50
Winter 2018-2019,Winter 2018-2019,Mathematics,Summary,2015,Fall 2018 - Winter 2019,4,17,NONE,,001-0024,3,9/26/2018,219,2.9,99,<1,36,1/30/2019,228,3,99,<1,32,224,5,9,4.2,4,Yes*,0.9,81,57.1,78.8,14,8,48,,,,,,High-G/High-A,High-G/High-A,50,50
Winter 2018-2019,Winter 2018-2019,Mathematics,Summary,2015,Fall 2018 - Winter 2019,4,17,NONE,,001-0025,5,9/26/2018,233,2.9,93,2,30,1/30/2019,230,2.9,82,5,23,237,4,-3,4.1,-7,No,-1.5,6,46.2,80.4,26,12,34,,,,,,Low-G/High-A,Low-G/High-A,50,50
Winter 2018-2019,Winter 2018-2019,Mathematics,Summary,2015,Fall 2018 - Winter 2019,4,17,NONE,,001-0026,1,9/26/2018,188,3.2,98,1,21,1/30/2019,208,3.2,99,<1,24,195,7,20,4.5,13,Yes,2.4,99,66.7,156.1,9,6,88,,,,,,High-G/High-A,High-G/High-A,50,50
Winter 2018-2019,Winter 2018-2019,Mathematics,Summary,2015,Fall 2018 - Winter 2019,4,17,NONE,,001-0027,6,9/26/2018,234,2.9,85,4,58,1/30/2019,235,2.9,81,4,76,237,3,1,4.1,-2,No*,-0.5,32,46.2,80.4,26,12,34,,,,,,Low-G/High-A,Low-G/High-A,50,50
Winter 2018-2019,Winter 2018-2019,Mathematics,Summary,2015,Fall 2018 - Winter 2019,4,17,NONE,,001-0028,5,9/26/2018,239,2.9,97,1,41,1/30/2019,230,2.9,82,5,27,243,4,-9,4.1,-13,No,-2.8,1,46.2,80.4,26,12,34,,,,,,Low-G/High-A,Low-G/High-A,50,50
Winter 2018-2019,Winter 2018-2019,Mathematics,Summary,2015,Fall 2018 - Winter 2019,4,17,NONE,,001-0029,7,9/26/2018,236,2.9,79,5,87,1/30/2019,236,2.9,73,6,110,239,3,0,4.1,-3,No*,-0.5,29,70,209.5,10,7,71,,,,,,Low-G/High-A,Low-G/High-A,50,50
Winter 2018-2019,Winter 2018-2019,Mathematics,Summary,2015,Fall 2018 - Winter 2019,4,17,NONE,,001-0030,5,9/26/2018,227,2.9,86,4,60,1/30/2019,238,2.9,93,2,112,231,4,11,4.1,7,Yes,1.4,92,46.2,80.4,26,12,34,,,,,,High-G/High-A,High-G/High-A,50,50
Winter 2018-2019,Winter 2018-2019,Mathematics,Summary,2015,Fall 2018 - Winter 2019,4,17,NONE,,001-0031,7,9/26/2018,256,2.9,98,1,136,1/30/2019,264,3,99,<1,129,258,2,8,4.2,6,Yes,1.2,89,70,209.5,10,7,71,,,,,,High-G/High-A,High-G/High-A,50,50
Winter 2018-2019,Winter 2018-2019,Mathematics,Summary,2015,Fall 2018 - Winter 2019,4,17,NONE,,001-0032,5,9/26/2018,248,3,99,<1,87,1/30/2019,250,3,99,<1,70,252,4,2,4.2,-2,No*,-0.4,35,46.2,80.4,26,12,34,,,,,,Low-G/High-A,Low-G/High-A,50,50
Winter 2018-2019,Winter 2018-2019,Mathematics,Summary,2015,Fall 2018 - Winter 2019,4,17,NONE,,001-0035,1,9/26/2018,173,3.2,79,7,58,1/30/2019,189,3.2,91,3,103,182,9,16,4.5,7,Yes,1.4,92,66.7,156.1,9,6,88,,,,,,High-G/High-A,High-G/High-A,50,50
Winter 2018-2019,Winter 2018-2019,Mathematics,Summary,2015,Fall 2018 - Winter 2019,4,17,NONE,,001-0033,3,9/26/2018,204,2.9,85,5,46,1/30/2019,206,2.9,76,6,41,210,6,2,4.1,-4,No*,-0.8,21,57.1,78.8,14,8,48,,,,,,Low-G/High-A,Low-G/High-A,50,50
Winter 2018-2019,Winter 2018-2019,Mathematics,Summary,2015,Fall 2018 - Winter 2019,4,17,NONE,,001-0034,5,9/26/2018,217,2.9,65,7,35,1/30/2019,223,2.9,67,7,76,222,5,6,4.1,1,Yes*,0.3,61,46.2,80.4,26,12,34,,,,,,High-G/High-A,High-G/High-A,50,50
Winter 2018-2019,Winter 2018-2019,Mathematics,Summary,2015,Fall 2018 - Winter 2019,4,17,NONE,,001-0036,3,9/26/2018,186,2.9,37,8,67,1/30/2019,194,3,42,9,75,193,7,8,4.2,1,Yes*,0.3,61,57.1,78.8,14,8,48,,,,,,High-G/Low-A,High-G/Low-A,50,50
Winter 2018-2019,Winter 2018-2019,Mathematics,Summary,2015,Fall 2018 - Winter 2019,4,17,NONE,,001-0037,5,9/26/2018,236,2.9,95,2,47,1/30/2019,236,2.9,90,3,35,240,4,0,4.1,-4,No*,-0.9,19,46.2,80.4,26,12,34,,,,,,Low-G/High-A,Low-G/High-A,50,50
Winter 2018-2019,Winter 2018-2019,Mathematics,Summary,2015,Fall 2018 - Winter 2019,4,17,NONE,,001-0066,4,,,,,,,1/30/2019,254,3.2,99,<1,77,,,,,,,,,46.2,80.4,26,12,34,,,,,,,High-A,50,50
Winter 2018-2019,Winter 2018-2019,Mathematics,Summary,2015,Fall 2018 - Winter 2019,4,17,NONE,,001-0038,1,9/26/2018,188,3.1,98,1,61,1/30/2019,203,3.3,99,<1,87,195,7,15,4.5,8,Yes,1.5,93,66.7,156.1,9,6,88,,,,,,High-G/High-A,High-G/High-A,50,50
Winter 2018-2019,Winter 2018-2019,Mathematics,Summary,2015,Fall 2018 - Winter 2019,4,17,NONE,,001-0039,5,9/26/2018,204,2.9,31,7,26,1/30/2019,209,3,32,7,28,209,5,5,4.2,0,Yes*,0,51,46.2,80.4,26,12,34,,,,,,High-G/Low-A,High-G/Low-A,50,50
Winter 2018-2019,Winter 2018-2019,Mathematics,Summary,2015,Fall 2018 - Winter 2019,4,17,NONE,,001-0040,4,9/26/2018,205,2.9,59,8,73,1/30/2019,205,2.9,43,8,27,210,5,0,4.1,-5,No,-1.2,12,57.1,78.8,14,8,48,,,,,,Low-G/High-A,Low-G/Low-A,50,50
Winter 2018-2019,Winter 2018-2019,Mathematics,Summary,2015,Fall 2018 - Winter 2019,4,17,NONE,,001-0068,1,,,,,,,1/30/2019,208,3.1,99,<1,36,,,,,,,,,66.7,156.1,9,6,88,,,,,,,High-A,50,50
Winter 2018-2019,Winter 2018-2019,Mathematics,Summary,2015,Fall 2018 - Winter 2019,4,17,NONE,,001-0041,7,9/26/2018,245,2.9,91,3,80,2/4/2019,240,3,80,5,84,247,2,-5,4.2,-7,No,-1.6,6,70,209.5,10,7,71,,,,,,Low-G/High-A,Low-G/High-A,50,50
Winter 2018-2019,Winter 2018-2019,Mathematics,Summary,2015,Fall 2018 - Winter 2019,4,17,NONE,,001-0042,5,9/26/2018,204,2.9,31,7,49,1/30/2019,216,2.9,50,7,38,209,5,12,4.1,7,Yes,1.5,93,46.2,80.4,26,12,34,,,,,,High-G/Low-A,High-G/High-A,50,50
Winter 2018-2019,Winter 2018-2019,Mathematics,Summary,2015,Fall 2018 - Winter 2019,4,17,NONE,,001-0075,6,,,,,,,1/30/2019,253,3,98,1,234,,,,,,,,,46.2,80.4,26,12,34,,,,,,,High-A,50,50
Winter 2018-2019,Winter 2018-2019,Mathematics,Summary,2015,Fall 2018 - Winter 2019,4,17,NONE,,001-0044,7,9/26/2018,243,2.9,89,3,143,1/30/2019,242,2.9,84,3,141,245,2,-1,4.1,-3,No*,-0.7,23,70,209.5,10,7,71,,,,,,Low-G/High-A,Low-G/High-A,50,50
Winter 2018-2019,Winter 2018-2019,Mathematics,Summary,2015,Fall 2018 - Winter 2019,4,17,NONE,,001-0046,5,9/26/2018,216,2.9,62,7,45,1/30/2019,237,2.9,92,2,67,221,5,21,4.1,16,Yes,3.4,99,46.2,80.4,26,12,34,,,,,,High-G/High-A,High-G/High-A,50,50
Winter 2018-2019,Winter 2018-2019,Mathematics,Summary,2015,Fall 2018 - Winter 2019,4,17,NONE,,001-0045,7,9/26/2018,255,3,97,1,78,2/4/2019,260,2.9,98,1,134,257,2,5,4.2,3,Yes*,0.6,73,70,209.5,10,7,71,,,,,,High-G/High-A,High-G/High-A,50,50
Winter 2018-2019,Winter 2018-2019,Mathematics,Summary,2015,Fall 2018 - Winter 2019,4,17,NONE,,001-0043,5,9/26/2018,233,2.9,93,2,51,1/30/2019,235,3,89,4,59,237,4,2,4.2,-2,No*,-0.5,32,46.2,80.4,26,12,34,,,,,,Low-G/High-A,Low-G/High-A,50,50
Winter 2018-2019,Winter 2018-2019,Mathematics,Summary,2015,Fall 2018 - Winter 2019,4,17,NONE,,001-0047,5,9/26/2018,231,2.9,91,3,62,1/30/2019,230,2.9,82,5,67,235,4,-1,4.1,-5,No,-1.1,13,46.2,80.4,26,12,34,,,,,,Low-G/High-A,Low-G/High-A,50,50
Winter 2018-2019,Winter 2018-2019,Mathematics,Summary,2015,Fall 2018 - Winter 2019,4,17,NONE,,001-0070,2,,,,,,,1/30/2019,217,2.9,99,<1,51,,,,,,,,,57.1,78.8,14,8,48,,,,,,,High-A,50,50
Winter 2018-2019,Winter 2018-2019,Mathematics,Summary,2015,Fall 2018 - Winter 2019,4,17,NONE,,001-0048,3,9/26/2018,190,2.9,49,9,16,1/30/2019,200,3.1,59,9,19,196,6,10,4.2,4,Yes*,0.7,77,57.1,78.8,14,8,48,,,,,,High-G/Low-A,High-G/High-A,50,50
Winter 2018-2019,Winter 2018-2019,Mathematics,Summary,2015,Fall 2018 - Winter 2019,4,17,NONE,,001-0049,3,9/26/2018,194,2.9,61,8,38,1/30/2019,195,2.9,45,8,30,200,6,1,4.1,-5,No,-1.1,13,57.1,78.8,14,8,48,,,,,,Low-G/High-A,Low-G/Low-A,50,50
Winter 2018-2019,Winter 2018-2019,Mathematics,Summary,2015,Fall 2018 - Winter 2019,4,17,NONE,,001-0051,K,9/26/2018,167,3.2,96,2,50,1/30/2019,178,3.2,98,1,82,173,6,11,4.5,5,Yes,1,84,66.7,156.1,9,6,88,,,,,,High-G/High-A,High-G/High-A,50,50
Winter 2018-2019,Winter 2018-2019,Mathematics,Summary,2015,Fall 2018 - Winter 2019,4,17,NONE,,001-0050,6,9/26/2018,214,2.9,41,7,54,1/30/2019,223,2.9,54,8,52,218,4,9,4.1,5,Yes,1.1,87,46.2,80.4,26,12,34,,,,,,High-G/Low-A,High-G/High-A,50,50
Winter 2018-2019,Winter 2018-2019,Mathematics,Summary,2015,Fall 2018 - Winter 2019,4,17,NONE,,001-0052,1,9/26/2018,185,3.2,96,2,65,1/30/2019,189,3.2,91,3,36,193,8,4,4.5,-4,No*,-0.7,25,66.7,156.1,9,6,88,,,,,,Low-G/High-A,Low-G/High-A,50,50
Winter 2018-2019,Winter 2018-2019,Mathematics,Summary,2015,Fall 2018 - Winter 2019,4,17,NONE,,001-0065,6,9/26/2018,204,3,19,6,35,1/30/2019,221,3,49,8,42,208,4,17,4.2,13,Yes,2.7,99,46.2,80.4,26,12,34,,,,,,High-G/Low-A,High-G/Low-A,50,50
Winter 2018-2019,Winter 2018-2019,Mathematics,Summary,2015,Fall 2018 - Winter 2019,4,17,NONE,,001-0054,1,9/26/2018,182,3.2,94,2,41,1/30/2019,196,3.2,97,1,39,190,8,14,4.5,6,Yes,1.2,88,66.7,156.1,9,6,88,,,,,,High-G/High-A,High-G/High-A,50,50
Winter 2018-2019,Winter 2018-2019,Mathematics,Summary,2015,Fall 2018 - Winter 2019,4,17,NONE,,001-0053,3,9/26/2018,189,3,46,9,36,1/30/2019,203,2.9,68,7,32,196,7,14,4.2,7,Yes,1.6,95,57.1,78.8,14,8,48,,,,,,High-G/Low-A,High-G/High-A,50,50
Winter 2018-2019,Winter 2018-2019,Mathematics,Summary,2015,Fall 2018 - Winter 2019,4,17,NONE,,001-0056,6,9/26/2018,229,3,77,5,52,1/30/2019,229,2.9,69,6,80,232,3,0,4.2,-3,No*,-0.7,25,46.2,80.4,26,12,34,,,,,,Low-G/High-A,Low-G/High-A,50,50
Winter 2018-2019,Winter 2018-2019,Mathematics,Summary,2015,Fall 2018 - Winter 2019,4,17,NONE,,001-0055,4,9/26/2018,202,2.9,50,9,75,1/30/2019,191,2.9,12,5,42,208,6,-11,4.1,-17,No,-3.6,1,57.1,78.8,14,8,48,,,,,,Low-G/High-A,Low-G/Low-A,50,50
Winter 2018-2019,Winter 2018-2019,Mathematics,Summary,2015,Fall 2018 - Winter 2019,4,17,NONE,,001-0057,2,9/26/2018,188,2.9,80,6,46,1/30/2019,195,2.9,78,6,35,195,7,7,4.1,0,Yes*,0,50,57.1,78.8,14,8,48,,,,,,High-G/High-A,High-G/High-A,50,50
Winter 2018-2019,Winter 2018-2019,Mathematics,Summary,2015,Fall 2018 - Winter 2019,4,17,NONE,,001-0058,5,9/26/2018,203,2.9,28,7,51,1/30/2019,210,3.3,34,9,27,208,5,7,4.4,2,Yes*,0.4,66,46.2,80.4,26,12,34,,,,,,High-G/Low-A,High-G/Low-A,50,50
Winter 2018-2019,Winter 2018-2019,Mathematics,Summary,2015,Fall 2018 - Winter 2019,4,17,NONE,,001-0059,6,9/26/2018,198,2.9,10,4,29,1/30/2019,188,3.1,2,1,32,202,4,-10,4.2,-14,No,-2.9,1,46.2,80.4,26,12,34,,,,,,Low-G/Low-A,Low-G/Low-A,50,50
Winter 2018-2019,Winter 2018-2019,Mathematics,Summary,2015,Fall 2018 - Winter 2019,4,17,NONE,,001-0060,4,9/26/2018,196,2.9,33,8,56,1/30/2019,203,2.9,38,8,34,202,6,7,4.1,1,Yes*,0.3,61,57.1,78.8,14,8,48,,,,,,High-G/Low-A,High-G/Low-A,50,50
Winter 2018-2019,Winter 2018-2019,Mathematics,Summary,2015,Fall 2018 - Winter 2019,4,17,NONE,,61,4,9/26/2018,192,2.9,23,7,41,1/30/2019,189,3,10,4,30,198,6,-3,4.2,-9,No,-1.9,3,57.1,78.8,14,8,48,,,,,,Low-G/Low-A,Low-G/Low-A,50,50
Winter 2018-2019,Winter 2018-2019,Mathematics,Summary,2015,Fall 2018 - Winter 2019,4,17,NONE,,001-0062,8,9/26/2018,269,3.1,99,<1,99,1/30/2019,278,3,99,<1,100,270,1,9,4.3,8,Yes,1.5,93,70,209.5,10,7,71,,,,,,High-G/High-A,High-G/High-A,50,50
Winter 2018-2019,Winter 2018-2019,Mathematics,Summary,2015,Fall 2018 - Winter 2019,4,17,NONE,,001-0063,5,9/26/2018,205,2.9,33,7,29,1/30/2019,205,2.9,23,6,24,210,5,0,4.1,-5,No,-1,15,46.2,80.4,26,12,34,,,,,,Low-G/Low-A,Low-G/Low-A,50,50
Winter 2018-2019,Winter 2018-2019,Mathematics,Summary,2015,Fall 2018 - Winter 2019,4,17,NONE,,001-0071,3,,,,,,,2/4/2019,225,3,98,1,30,,,,,,,,,57.1,78.8,14,8,48,,,,,,,High-A,50,50
Winter 2018-2019,Winter 2018-2019,Reading,Summary,2015,Fall 2018 - Winter 2019,4,17,NONE,,001-0073,5,,,,,,,1/29/2019,203,3.3,34,8,58,,,,,,,,,73.1,197.4,26,19,67,,,,,,,Low-A,50,50
Winter 2018-2019,Winter 2018-2019,Reading,Summary,2015,Fall 2018 - Winter 2019,4,17,NONE,,001-0002,***,9/25/2018,233,3.4,93,3,60,***,,,,,,234,1,,,,,,,73.1,197.4,26,19,67,,,,,,High-A,,50,50
Winter 2018-2019,Winter 2018-2019,Reading,Summary,2015,Fall 2018 - Winter 2019,4,17,NONE,,001-0001,***,9/25/2018,208,3.3,89,4,79,***,,,,,,212,4,,,,,,,57.1,71.8,14,8,53,,,,,,High-A,,50,50
Winter 2018-2019,Winter 2018-2019,Reading,Summary,2015,Fall 2018 - Winter 2019,4,17,NONE,,001-0003,2,9/25/2018,194,3.5,89,4,70,1/29/2019,199,3.4,86,5,66,200,6,5,4.9,-1,No*,-0.2,43,57.1,71.8,14,8,53,,,,,,Low-G/High-A,Low-G/High-A,50,50
Winter 2018-2019,Winter 2018-2019,Reading,Summary,2015,Fall 2018 - Winter 2019,4,17,NONE,,001-0004,6,9/25/2018,248,3.4,99,<1,74,1/29/2019,257,4.2,99,<1,69,249,1,9,5.4+,8,Yes,1.7,95,90,550,10,9,91,,,,,,High-G/High-A,High-G/High-A,50,50
Winter 2018-2019,Winter 2018-2019,Reading,Summary,2015,Fall 2018 - Winter 2019,4,17,NONE,,001-0005,5,9/25/2018,213,3.4,69,7,38,1/29/2019,216,3.4,68,8,59,216,3,3,4.8,0,Yes*,0,51,73.1,197.4,26,19,67,,,,,,High-G/High-A,High-G/High-A,50,50
Winter 2018-2019,Winter 2018-2019,Reading,Summary,2015,Fall 2018 - Winter 2019,4,17,NONE,,001-0006,5,9/25/2018,219,3.5,81,6,22,1/29/2019,228,3.4,90,3,40,221,2,9,4.9,7,Yes,1.3,90,73.1,197.4,26,19,67,,,,,,High-G/High-A,High-G/High-A,50,50
Winter 2018-2019,Winter 2018-2019,Reading,Summary,2015,Fall 2018 - Winter 2019,4,17,NONE,,001-0010,1,9/25/2018,191,3.5,99,<1,34,1/29/2019,210,3.5,99,<1,21,198,7,19,4.9,12,Yes,2.1,98,88.9,243.1,9,8,98,,,,,,High-G/High-A,High-G/High-A,50,50
Winter 2018-2019,Winter 2018-2019,Reading,Summary,2015,Fall 2018 - Winter 2019,4,17,NONE,,001-0008,6,9/25/2018,237,3.4,96,2,113,1/29/2019,244,3.3,98,1,129,238,1,7,4.7,6,Yes,1.3,90,90,550,10,9,91,,,,,,High-G/High-A,High-G/High-A,50,50
Winter 2018-2019,Winter 2018-2019,Reading,Summary,2015,Fall 2018 - Winter 2019,4,17,NONE,,001-0009,8,9/25/2018,247,3.7,97,1,48,1/29/2019,260,5.3,99,<1,65,248,1,13,6.5+,12,Yes,2,98,90,550,10,9,91,,,,,,High-G/High-A,High-G/High-A,50,50
Winter 2018-2019,Winter 2018-2019,Reading,Summary,2015,Fall 2018 - Winter 2019,4,17,NONE,,001-0011,K,9/25/2018,156,3.2,87,4,33,1/29/2019,164,3.3,87,5,30,162,6,8,4.6,2,Yes*,0.3,62,88.9,243.1,9,8,98,,,,,,High-G/High-A,High-G/High-A,50,50
Winter 2018-2019,Winter 2018-2019,Reading,Summary,2015,Fall 2018 - Winter 2019,4,17,NONE,,001-0012,4,9/25/2018,211,3.5,80,5,50,1/29/2019,217,3.3,83,5,36,214,3,6,4.8,3,Yes*,0.5,69,57.1,71.8,14,8,53,,,,,,High-G/High-A,High-G/High-A,50,50
Winter 2018-2019,Winter 2018-2019,Reading,Summary,2015,Fall 2018 - Winter 2019,4,17,NONE,,001-0074,4,,,,,,,1/29/2019,200,3.5,43,9,65,,,,,,,,,73.1,197.4,26,19,67,,,,,,,Low-A,50,50
Winter 2018-2019,Winter 2018-2019,Reading,Summary,2015,Fall 2018 - Winter 2019,4,17,NONE,,001-0072,2,,,,,,,1/29/2019,153,3.6,2,2,19,,,,,,,,,57.1,71.8,14,8,53,,,,,,,Low-A,50,50
Winter 2018-2019,Winter 2018-2019,Reading,Summary,2015,Fall 2018 - Winter 2019,4,17,NONE,,001-0013,7,9/25/2018,217,3.5,57,8,87,1/29/2019,228,3.3,78,6,78,219,2,11,4.8,9,Yes,1.7,96,90,550,10,9,91,,,,,,High-G/High-A,High-G/High-A,50,50
Winter 2018-2019,Winter 2018-2019,Reading,Summary,2015,Fall 2018 - Winter 2019,4,17,NONE,,001-0014,5,9/25/2018,198,3.4,31,8,28,1/29/2019,207,3.3,44,9,40,202,4,9,4.7,5,Yes,0.9,82,73.1,197.4,26,19,67,,,,,,High-G/Low-A,High-G/Low-A,50,50
Winter 2018-2019,Winter 2018-2019,Reading,Summary,2015,Fall 2018 - Winter 2019,4,17,NONE,,16,***,9/25/2018,213,3.5,46,9,88,***,,,,,,215,2,,,,,,,90,550,10,9,91,,,,,,Low-A,,50,50
Winter 2018-2019,Winter 2018-2019,Reading,Summary,2015,Fall 2018 - Winter 2019,4,17,NONE,,001-0015,5,9/25/2018,222,3.4,86,4,78,2/6/2019,226,3.2,87,4,70,224,2,4,4.7,2,Yes*,0.4,65,73.1,197.4,26,19,67,,,,,,High-G/High-A,High-G/High-A,50,50
Winter 2018-2019,Winter 2018-2019,Reading,Summary,2015,Fall 2018 - Winter 2019,4,17,NONE,,17,7,9/25/2018,187,3.4,4,2,40,1/29/2019,197,3.4,10,4,63,191,4,10,4.8,6,Yes,1.1,86,73.1,197.4,26,19,67,,,,,,High-G/Low-A,High-G/Low-A,50,50
Winter 2018-2019,Winter 2018-2019,Reading,Summary,2015,Fall 2018 - Winter 2019,4,17,NONE,,001-0018,6,9/25/2018,203,3.5,30,8,35,1/29/2019,210,3.3,40,9,50,206,3,7,4.8,4,Yes*,0.7,75,73.1,197.4,26,19,67,,,,,,High-G/Low-A,High-G/Low-A,50,50
Winter 2018-2019,Winter 2018-2019,Reading,Summary,2015,Fall 2018 - Winter 2019,4,17,NONE,,001-0069,8,,,,,,,1/29/2019,218,3.5,48,9,45,,,,,,,,,90,550,10,9,91,,,,,,,Low-A,50,50
Winter 2018-2019,Winter 2018-2019,Reading,Summary,2015,Fall 2018 - Winter 2019,4,17,NONE,,001-0020,5,9/25/2018,200,3.3,35,9,28,1/29/2019,212,3.3,58,8,30,204,4,12,4.7,8,Yes,1.6,94,73.1,197.4,26,19,67,,,,,,High-G/Low-A,High-G/High-A,50,50
Winter 2018-2019,Winter 2018-2019,Reading,Summary,2015,Fall 2018 - Winter 2019,4,17,NONE,,001-0019,5,9/25/2018,214,3.3,71,7,28,1/29/2019,223,3.3,83,5,69,217,3,9,4.7,6,Yes,1.2,89,73.1,197.4,26,19,67,,,,,,High-G/High-A,High-G/High-A,50,50
Winter 2018-2019,Winter 2018-2019,Reading,Summary,2015,Fall 2018 - Winter 2019,4,17,NONE,,001-0022,3,9/25/2018,193,3.3,62,7,24,1/29/2019,203,3.4,71,7,45,199,6,10,4.7,4,Yes*,0.8,79,57.1,71.8,14,8,53,,,,,,High-G/High-A,High-G/High-A,50,50
Winter 2018-2019,Winter 2018-2019,Reading,Summary,2015,Fall 2018 - Winter 2019,4,17,NONE,,001-0021,1,9/25/2018,176,3.2,88,4,19,1/29/2019,195,3.2,97,1,38,184,8,19,4.5,11,Yes,2,98,88.9,243.1,9,8,98,,,,,,High-G/High-A,High-G/High-A,50,50
Winter 2018-2019,Winter 2018-2019,Reading,Summary,2015,Fall 2018 - Winter 2019,4,17,NONE,,001-0023,***,9/25/2018,234,3.3,94,2,55,***,,,,,,235,1,,,,,,,73.1,197.4,26,19,67,,,,,,High-A,,50,50
Winter 2018-2019,Winter 2018-2019,Reading,Summary,2015,Fall 2018 - Winter 2019,4,17,NONE,,001-0024,3,9/25/2018,201,3.4,79,5,55,1/29/2019,207,3.4,79,6,35,206,5,6,4.8,1,Yes*,0.2,58,57.1,71.8,14,8,53,,,,,,High-G/High-A,High-G/High-A,50,50
Winter 2018-2019,Winter 2018-2019,Reading,Summary,2015,Fall 2018 - Winter 2019,4,17,NONE,,001-0025,5,9/25/2018,225,3.2,90,3,38,1/29/2019,223,3.4,83,5,43,227,2,-2,4.7,-4,No*,-0.7,23,73.1,197.4,26,19,67,,,,,,Low-G/High-A,Low-G/High-A,50,50
Winter 2018-2019,Winter 2018-2019,Reading,Summary,2015,Fall 2018 - Winter 2019,4,17,NONE,,001-0026,1,9/25/2018,176,3.5,88,4,31,1/29/2019,199,3.5,99,<1,32,184,8,23,4.9,15,Yes,2.6,99,88.9,243.1,9,8,98,,,,,,High-G/High-A,High-G/High-A,50,50
Winter 2018-2019,Winter 2018-2019,Reading,Summary,2015,Fall 2018 - Winter 2019,4,17,NONE,,001-0027,6,9/25/2018,222,3.4,77,6,66,1/29/2019,224,3.4,76,7,83,224,2,2,4.8,0,Yes*,0.1,52,73.1,197.4,26,19,67,,,,,,High-G/High-A,High-G/High-A,50,50
Winter 2018-2019,Winter 2018-2019,Reading,Summary,2015,Fall 2018 - Winter 2019,4,17,NONE,,001-0028,5,9/25/2018,211,3.3,64,8,63,1/29/2019,216,3.5,68,8,43,214,3,5,4.8,2,Yes*,0.4,65,73.1,197.4,26,19,67,,,,,,High-G/High-A,High-G/High-A,50,50
Winter 2018-2019,Winter 2018-2019,Reading,Summary,2015,Fall 2018 - Winter 2019,4,17,NONE,,001-0029,7,9/25/2018,217,3.3,57,8,99,1/29/2019,230,3.3,82,5,119,219,2,13,4.7,11,Yes,2.2,98,90,550,10,9,91,,,,,,High-G/High-A,High-G/High-A,50,50
Winter 2018-2019,Winter 2018-2019,Reading,Summary,2015,Fall 2018 - Winter 2019,4,17,NONE,,001-0030,5,9/25/2018,230,3.4,95,2,63,1/29/2019,229,3.4,91,3,90,231,1,-1,4.8,-2,No*,-0.4,33,73.1,197.4,26,19,67,,,,,,Low-G/High-A,Low-G/High-A,50,50
Winter 2018-2019,Winter 2018-2019,Reading,Summary,2015,Fall 2018 - Winter 2019,4,17,NONE,,001-0031,7,9/25/2018,243,3.4,97,1,86,1/29/2019,250,3.7,99,<1,102,244,1,7,5,6,Yes,1.3,91,90,550,10,9,91,,,,,,High-G/High-A,High-G/High-A,50,50
Winter 2018-2019,Winter 2018-2019,Reading,Summary,2015,Fall 2018 - Winter 2019,4,17,NONE,,001-0032,5,9/25/2018,203,3.3,43,9,40,1/29/2019,223,3.4,83,5,56,207,4,20,4.7,16,Yes,3.1,99,73.1,197.4,26,19,67,,,,,,High-G/Low-A,High-G/High-A,50,50
Winter 2018-2019,Winter 2018-2019,Reading,Summary,2015,Fall 2018 - Winter 2019,4,17,NONE,,001-0035,1,9/25/2018,171,3.4,78,7,50,1/29/2019,201,3.5,99,<1,69,179,8,30,4.9,22,Yes,3.8,99,88.9,243.1,9,8,98,,,,,,High-G/High-A,High-G/High-A,50,50
Winter 2018-2019,Winter 2018-2019,Reading,Summary,2015,Fall 2018 - Winter 2019,4,17,NONE,,001-0033,3,9/25/2018,207,3.3,88,4,43,1/29/2019,212,3.4,87,4,50,211,4,5,4.7,1,Yes*,0.1,55,57.1,71.8,14,8,53,,,,,,High-G/High-A,High-G/High-A,50,50
Winter 2018-2019,Winter 2018-2019,Reading,Summary,2015,Fall 2018 - Winter 2019,4,17,NONE,,001-0034,5,9/25/2018,222,3.3,86,4,71,1/29/2019,225,3.3,86,4,103,224,2,3,4.7,1,Yes*,0.2,57,73.1,197.4,26,19,67,,,,,,High-G/High-A,High-G/High-A,50,50
Winter 2018-2019,Winter 2018-2019,Reading,Summary,2015,Fall 2018 - Winter 2019,4,17,NONE,,001-0036,3,10/2/2018,197,3.4,71,7,115,1/29/2019,203,3.3,71,7,82,202,5,6,4.7,1,Yes*,0.1,55,57.1,71.8,14,8,53,,,,,,High-G/High-A,High-G/High-A,50,50
Winter 2018-2019,Winter 2018-2019,Reading,Summary,2015,Fall 2018 - Winter 2019,4,17,NONE,,001-0037,5,9/25/2018,216,3.2,75,6,35,1/29/2019,210,3.3,52,9,42,219,3,-6,4.6,-9,No,-1.7,4,73.1,197.4,26,19,67,,,,,,Low-G/High-A,Low-G/High-A,50,50
Winter 2018-2019,Winter 2018-2019,Reading,Summary,2015,Fall 2018 - Winter 2019,4,17,NONE,,001-0066,4,,,,,,,1/29/2019,241,4.1,99,<1,41,,,,,,,,,73.1,197.4,26,19,67,,,,,,,High-A,50,50
Winter 2018-2019,Winter 2018-2019,Reading,Summary,2015,Fall 2018 - Winter 2019,4,17,NONE,,001-0038,1,9/25/2018,195,3.4,99,<1,48,1/29/2019,207,3.5,99,<1,61,202,7,12,4.9,5,Yes,1,83,88.9,243.1,9,8,98,,,,,,High-G/High-A,High-G/High-A,50,50
Winter 2018-2019,Winter 2018-2019,Reading,Summary,2015,Fall 2018 - Winter 2019,4,17,NONE,,001-0039,5,9/25/2018,203,3.3,43,9,29,1/29/2019,185,3.3,5,3,38,207,4,-18,4.7,-22,No,-4.2,1,73.1,197.4,26,19,67,,,,,,Low-G/Low-A,Low-G/Low-A,50,50
Winter 2018-2019,Winter 2018-2019,Reading,Summary,2015,Fall 2018 - Winter 2019,4,17,NONE,,001-0040,4,9/25/2018,230,3.3,98,1,72,1/29/2019,216,3.3,81,5,48,232,2,-14,4.7,-16,No,-3.1,1,57.1,71.8,14,8,53,,,,,,Low-G/High-A,Low-G/High-A,50,50
Winter 2018-2019,Winter 2018-2019,Reading,Summary,2015,Fall 2018 - Winter 2019,4,17,NONE,,001-0068,1,,,,,,,1/29/2019,209,3.7,99,<1,31,,,,,,,,,88.9,243.1,9,8,98,,,,,,,High-A,50,50
Winter 2018-2019,Winter 2018-2019,Reading,Summary,2015,Fall 2018 - Winter 2019,4,17,NONE,,001-0041,7,10/2/2018,235,3.4,91,3,81,1/31/2019,238,3.2,92,3,66,236,1,3,4.7,2,Yes*,0.5,70,90,550,10,9,91,,,,,,High-G/High-A,High-G/High-A,50,50
Winter 2018-2019,Winter 2018-2019,Reading,Summary,2015,Fall 2018 - Winter 2019,4,17,NONE,,001-0042,5,9/25/2018,199,3.5,33,9,54,1/29/2019,209,3.7,50,9,92,203,4,10,5.1,6,Yes,1.1,86,73.1,197.4,26,19,67,,,,,,High-G/Low-A,High-G/High-A,50,50
Winter 2018-2019,Winter 2018-2019,Reading,Summary,2015,Fall 2018 - Winter 2019,4,17,NONE,,001-0075,6,,,,,,,1/29/2019,227,3.4,82,5,230,,,,,,,,,73.1,197.4,26,19,67,,,,,,,High-A,50,50
Winter 2018-2019,Winter 2018-2019,Reading,Summary,2015,Fall 2018 - Winter 2019,4,17,NONE,,001-0044,7,9/25/2018,235,3.4,91,3,91,1/29/2019,237,3.3,91,3,134,236,1,2,4.7,1,Yes*,0.3,62,90,550,10,9,91,,,,,,High-G/High-A,High-G/High-A,50,50
Winter 2018-2019,Winter 2018-2019,Reading,Summary,2015,Fall 2018 - Winter 2019,4,17,NONE,,001-0046,5,9/25/2018,228,3.3,93,2,61,1/29/2019,232,3.5,94,2,78,230,2,4,4.8,2,Yes*,0.5,68,73.1,197.4,26,19,67,,,,,,High-G/High-A,High-G/High-A,50,50
Winter 2018-2019,Winter 2018-2019,Reading,Summary,2015,Fall 2018 - Winter 2019,4,17,NONE,,001-0045,7,9/25/2018,240,3.3,95,2,74,1/29/2019,240,3.3,94,2,95,241,1,0,4.7,-1,No*,0,50,90,550,10,9,91,,,,,,Low-G/High-A,Low-G/High-A,50,50
Winter 2018-2019,Winter 2018-2019,Reading,Summary,2015,Fall 2018 - Winter 2019,4,17,NONE,,001-0043,5,9/25/2018,229,3.4,94,2,42,1/29/2019,235,3.8,96,2,46,230,1,6,5.1,5,Yes*,0.8,80,73.1,197.4,26,19,67,,,,,,High-G/High-A,High-G/High-A,50,50
Winter 2018-2019,Winter 2018-2019,Reading,Summary,2015,Fall 2018 - Winter 2019,4,17,NONE,,001-0047,5,9/25/2018,226,3.4,91,3,73,1/29/2019,241,3.9,98,1,99,228,2,15,5.2,13,Yes,2.4,99,73.1,197.4,26,19,67,,,,,,High-G/High-A,High-G/High-A,50,50
Winter 2018-2019,Winter 2018-2019,Reading,Summary,2015,Fall 2018 - Winter 2019,4,17,NONE,,001-0070,2,,,,,,,1/29/2019,213,3.5,98,1,41,,,,,,,,,57.1,71.8,14,8,53,,,,,,,High-A,50,50
Winter 2018-2019,Winter 2018-2019,Reading,Summary,2015,Fall 2018 - Winter 2019,4,17,NONE,,001-0048,3,9/25/2018,181,3.3,32,8,23,1/29/2019,188,3.4,33,9,22,188,7,7,4.7,0,Yes*,0,50,57.1,71.8,14,8,53,,,,,,High-G/Low-A,High-G/Low-A,50,50
Winter 2018-2019,Winter 2018-2019,Reading,Summary,2015,Fall 2018 - Winter 2019,4,17,NONE,,001-0049,3,9/25/2018,193,3.5,62,8,67,1/29/2019,186,3.4,29,8,42,199,6,-7,4.9,-13,No,-2.4,1,57.1,71.8,14,8,53,,,,,,Low-G/High-A,Low-G/Low-A,50,50
Winter 2018-2019,Winter 2018-2019,Reading,Summary,2015,Fall 2018 - Winter 2019,4,17,NONE,,001-0051,K,9/25/2018,173,3.3,99,<1,42,1/29/2019,170,3.2,95,2,32,177,4,-3,4.6,-7,No,-1.4,9,88.9,243.1,9,8,98,,,,,,Low-G/High-A,Low-G/High-A,50,50
Winter 2018-2019,Winter 2018-2019,Reading,Summary,2015,Fall 2018 - Winter 2019,4,17,NONE,,001-0050,6,9/25/2018,213,3.3,55,9,40,1/29/2019,216,3.4,56,9,70,216,3,3,4.7,0,Yes*,0.1,54,73.1,197.4,26,19,67,,,,,,High-G/High-A,High-G/High-A,50,50
Winter 2018-2019,Winter 2018-2019,Reading,Summary,2015,Fall 2018 - Winter 2019,4,17,NONE,,001-0052,1,9/25/2018,168,3.2,71,8,52,1/29/2019,194,3.3,97,1,62,177,9,26,4.6,17,Yes,3.2,99,88.9,243.1,9,8,98,,,,,,High-G/High-A,High-G/High-A,50,50
Winter 2018-2019,Winter 2018-2019,Reading,Summary,2015,Fall 2018 - Winter 2019,4,17,NONE,,001-0065,6,9/25/2018,171,3.5,1,<1,41,1/29/2019,210,3.4,40,9,88,177,6,39,4.9,33,Yes,6.1,99,73.1,197.4,26,19,67,,,,,,High-G/Low-A,High-G/Low-A,50,50
Winter 2018-2019,Winter 2018-2019,Reading,Summary,2015,Fall 2018 - Winter 2019,4,17,NONE,,001-0054,1,9/25/2018,171,3.2,79,6,31,1/29/2019,195,3.3,97,1,34,179,8,24,4.6,16,Yes,2.9,99,88.9,243.1,9,8,98,,,,,,High-G/High-A,High-G/High-A,50,50
Winter 2018-2019,Winter 2018-2019,Reading,Summary,2015,Fall 2018 - Winter 2019,4,17,NONE,,001-0053,3,9/25/2018,195,3.4,66,8,36,1/29/2019,207,3.4,79,6,47,201,6,12,4.8,6,Yes,1.2,89,57.1,71.8,14,8,53,,,,,,High-G/High-A,High-G/High-A,50,50
Winter 2018-2019,Winter 2018-2019,Reading,Summary,2015,Fall 2018 - Winter 2019,4,17,NONE,,001-0056,6,9/25/2018,235,3.3,95,2,85,1/29/2019,240,3.3,96,2,124,236,1,5,4.7,4,Yes*,0.9,80,73.1,197.4,26,19,67,,,,,,High-G/High-A,High-G/High-A,50,50
Winter 2018-2019,Winter 2018-2019,Reading,Summary,2015,Fall 2018 - Winter 2019,4,17,NONE,,001-0055,4,9/25/2018,191,3.5,32,9,74,1/29/2019,193,3.3,26,7,47,196,5,2,4.8,-3,No*,-0.6,26,57.1,71.8,14,8,53,,,,,,Low-G/Low-A,Low-G/Low-A,50,50
Winter 2018-2019,Winter 2018-2019,Reading,Summary,2015,Fall 2018 - Winter 2019,4,17,NONE,,001-0057,2,9/25/2018,185,3.4,75,6,62,1/29/2019,196,3.4,81,6,40,192,7,11,4.8,4,Yes*,0.7,77,57.1,71.8,14,8,53,,,,,,High-G/High-A,High-G/High-A,50,50
Winter 2018-2019,Winter 2018-2019,Reading,Summary,2015,Fall 2018 - Winter 2019,4,17,NONE,,001-0058,5,10/4/2018,218,3.3,79,6,60,1/29/2019,219,3.3,75,6,65,220,2,1,4.7,-1,No*,-0.3,39,73.1,197.4,26,19,67,,,,,,Low-G/High-A,Low-G/High-A,50,50
Winter 2018-2019,Winter 2018-2019,Reading,Summary,2015,Fall 2018 - Winter 2019,4,17,NONE,,001-0059,6,10/2/2018,184,3.5,4,2,43,1/29/2019,185,3.2,2,2,39,189,5,1,4.7,-4,No*,-0.8,21,73.1,197.4,26,19,67,,,,,,Low-G/Low-A,Low-G/Low-A,50,50
Winter 2018-2019,Winter 2018-2019,Reading,Summary,2015,Fall 2018 - Winter 2019,4,17,NONE,,001-0060,4,9/25/2018,202,3.4,60,8,63,1/29/2019,202,3.4,48,9,36,206,4,0,4.8,-4,No*,-0.8,21,57.1,71.8,14,8,53,,,,,,Low-G/High-A,Low-G/Low-A,50,50
Winter 2018-2019,Winter 2018-2019,Reading,Summary,2015,Fall 2018 - Winter 2019,4,17,NONE,,61,4,9/25/2018,190,3.3,30,8,44,1/29/2019,192,3.5,24,7,45,195,5,2,4.8,-3,No*,-0.6,26,57.1,71.8,14,8,53,,,,,,Low-G/Low-A,Low-G/Low-A,50,50
Winter 2018-2019,Winter 2018-2019,Reading,Summary,2015,Fall 2018 - Winter 2019,4,17,NONE,,001-0062,8,9/25/2018,238,3.5,91,3,94,1/29/2019,239,3.4,91,3,71,239,1,1,4.9,0,Yes*,0.2,59,90,550,10,9,91,,,,,,High-G/High-A,High-G/High-A,50,50
Winter 2018-2019,Winter 2018-2019,Reading,Summary,2015,Fall 2018 - Winter 2019,4,17,NONE,,001-0063,5,9/25/2018,201,3.5,38,9,32,1/29/2019,201,3.3,29,8,32,205,4,0,4.8,-4,No*,-0.8,23,73.1,197.4,26,19,67,,,,,,Low-G/Low-A,Low-G/Low-A,50,50
Winter 2018-2019,Winter 2018-2019,Reading,Summary,2015,Fall 2018 - Winter 2019,4,17,NONE,,001-0071,3,,,,,,,2/6/2019,223,3.5,97,1,26,,,,,,,,,57.1,71.8,14,8,53,,,,,,,High-A,50,50
Winter 2018-2019,Winter 2018-2019,Science - General Science,Summary,2015,Fall 2018 - Winter 2019,4,17,NONE,,001-0073,5,,,,,,,2/1/2019,202,3.2,46,12,28,,,,,,,,,73.1,261.7,26,19,82,,,,,,,Low-A,50,50
Winter 2018-2019,Winter 2018-2019,Science - General Science,Summary,2015,Fall 2018 - Winter 2019,4,17,NONE,,001-0002,***,9/28/2018,219,3.1,90,4,27,***,,,,,,220,1,,,,,,,73.1,261.7,26,19,82,,,,,,High-A,,50,50
Winter 2018-2019,Winter 2018-2019,Science - General Science,Summary,2015,Fall 2018 - Winter 2019,4,17,NONE,,001-0001,***,9/28/2018,196,3.1,77,7,39,***,,,,,,199,3,,,,,,,66.7,164.1,12,8,67,,,,,,High-A,,50,50
Winter 2018-2019,Winter 2018-2019,Science - General Science,Summary,2015,Fall 2018 - Winter 2019,4,17,NONE,,001-0003,2,9/28/2018,187,3.1,,,59,2/1/2019,195,3.1,,,29,,,8,4.4,,,,,66.7,164.1,12,8,67,,,,,,,,50,50
Winter 2018-2019,Winter 2018-2019,Science - General Science,Summary,2015,Fall 2018 - Winter 2019,4,17,NONE,,001-0004,6,9/28/2018,237,3.2,99,<1,34,2/1/2019,244,3.5,99,<1,41,238,1,7,4.7,6,Yes,1.7,95,90,718.2,10,9,95,,,,,,High-G/High-A,High-G/High-A,50,50
Winter 2018-2019,Winter 2018-2019,Science - General Science,Summary,2015,Fall 2018 - Winter 2019,4,17,NONE,,001-0005,5,9/28/2018,209,3.2,79,7,31,2/1/2019,221,3.1,95,3,42,211,2,12,4.5,10,Yes,2.2,98,73.1,261.7,26,19,82,,,,,,High-G/High-A,High-G/High-A,50,50
Winter 2018-2019,Winter 2018-2019,Science - General Science,Summary,2015,Fall 2018 - Winter 2019,4,17,NONE,,001-0006,5,9/28/2018,214,3.1,90,4,35,2/1/2019,213,3.1,82,7,27,215,1,-1,4.4,-2,No*,-0.4,33,73.1,261.7,26,19,82,,,,,,Low-G/High-A,Low-G/High-A,50,50
Winter 2018-2019,Winter 2018-2019,Science - General Science,Summary,2015,Fall 2018 - Winter 2019,4,17,NONE,,001-0008,6,9/28/2018,228,3.1,98,1,50,2/1/2019,234,3.2,99,<1,56,229,1,6,4.5,5,Yes,1.3,90,90,718.2,10,9,95,,,,,,High-G/High-A,High-G/High-A,50,50
Winter 2018-2019,Winter 2018-2019,Science - General Science,Summary,2015,Fall 2018 - Winter 2019,4,17,NONE,,001-0009,8,9/28/2018,239,3.6,99,<1,37,2/1/2019,248,3.1,99,<1,51,240,1,9,4.8,8,Yes,2.1,98,90,718.2,10,9,95,,,,,,High-G/High-A,High-G/High-A,50,50
Winter 2018-2019,Winter 2018-2019,Science - General Science,Summary,2015,Fall 2018 - Winter 2019,4,17,NONE,,001-0012,4,9/28/2018,204,3.1,80,7,26,2/1/2019,227,3.3,99,<1,42,206,2,23,4.5,21,Yes,4.3,99,66.7,164.1,12,8,67,,,,,,High-G/High-A,High-G/High-A,50,50
Winter 2018-2019,Winter 2018-2019,Science - General Science,Summary,2015,Fall 2018 - Winter 2019,4,17,NONE,,001-0074,4,,,,,,,2/1/2019,197,3.2,46,12,31,,,,,,,,,73.1,261.7,26,19,82,,,,,,,Low-A,50,50
Winter 2018-2019,Winter 2018-2019,Science - General Science,Summary,2015,Fall 2018 - Winter 2019,4,17,NONE,,001-0072,2,,,,,,,2/1/2019,176,3.1,,,23,,,,,,,,,66.7,164.1,12,8,67,,,,,,,,50,50
Winter 2018-2019,Winter 2018-2019,Science - General Science,Summary,2015,Fall 2018 - Winter 2019,4,17,NONE,,001-0013,7,9/28/2018,217,3.2,80,7,62,2/1/2019,225,3.1,91,4,67,218,1,8,4.5,7,Yes,1.5,93,90,718.2,10,9,95,,,,,,High-G/High-A,High-G/High-A,50,50
Winter 2018-2019,Winter 2018-2019,Science - General Science,Summary,2015,Fall 2018 - Winter 2019,4,17,NONE,,001-0014,5,9/28/2018,195,3.1,32,10,27,2/1/2019,200,3.1,38,12,28,199,4,5,4.4,1,Yes*,0.3,62,73.1,261.7,26,19,82,,,,,,High-G/Low-A,High-G/Low-A,50,50
Winter 2018-2019,Winter 2018-2019,Science - General Science,Summary,2015,Fall 2018 - Winter 2019,4,17,NONE,,16,***,10/2/2018,212,3.1,66,9,58,***,,,,,,213,1,,,,,,,90,718.2,10,9,95,,,,,,High-A,,50,50
Winter 2018-2019,Winter 2018-2019,Science - General Science,Summary,2015,Fall 2018 - Winter 2019,4,17,NONE,,001-0015,5,9/28/2018,218,3.1,95,2,61,2/1/2019,223,3.2,97,2,48,219,1,5,4.5,4,Yes*,0.9,82,73.1,261.7,26,19,82,,,,,,High-G/High-A,High-G/High-A,50,50
Winter 2018-2019,Winter 2018-2019,Science - General Science,Summary,2015,Fall 2018 - Winter 2019,4,17,NONE,,17,7,9/28/2018,184,3.3,2,3,38,2/1/2019,211,3.1,57,10,83,188,4,27,4.5,23,Yes,4.6,99,73.1,261.7,26,19,82,,,,,,High-G/Low-A,High-G/High-A,50,50
Winter 2018-2019,Winter 2018-2019,Science - General Science,Summary,2015,Fall 2018 - Winter 2019,4,17,NONE,,001-0018,6,9/28/2018,198,3.1,29,10,35,2/1/2019,195,3.1,15,7,26,201,3,-3,4.4,-6,No,-1.3,11,73.1,261.7,26,19,82,,,,,,Low-G/Low-A,Low-G/Low-A,50,50
Winter 2018-2019,Winter 2018-2019,Science - General Science,Summary,2015,Fall 2018 - Winter 2019,4,17,NONE,,001-0069,8,,,,,,,2/1/2019,219,3.2,72,8,27,,,,,,,,,90,718.2,10,9,95,,,,,,,High-A,50,50
Winter 2018-2019,Winter 2018-2019,Science - General Science,Summary,2015,Fall 2018 - Winter 2019,4,17,NONE,,001-0020,5,9/28/2018,201,3.1,53,11,37,2/1/2019,212,3.2,80,7,51,204,3,11,4.5,8,Yes,1.7,96,73.1,261.7,26,19,82,,,,,,High-G/High-A,High-G/High-A,50,50
Winter 2018-2019,Winter 2018-2019,Science - General Science,Summary,2015,Fall 2018 - Winter 2019,4,17,NONE,,001-0019,5,9/28/2018,223,3.4,98,1,39,2/1/2019,223,3.1,97,1,43,224,1,0,4.6,-1,No*,0.1,53,73.1,261.7,26,19,82,,,,,,Low-G/High-A,Low-G/High-A,50,50
Winter 2018-2019,Winter 2018-2019,Science - General Science,Summary,2015,Fall 2018 - Winter 2019,4,17,NONE,,001-0022,3,9/28/2018,187,3,48,11,22,2/1/2019,199,3.1,75,8,24,191,4,12,4.3,8,Yes,1.6,94,66.7,164.1,12,8,67,,,,,,High-G/Low-A,High-G/High-A,50,50
Winter 2018-2019,Winter 2018-2019,Science - General Science,Summary,2015,Fall 2018 - Winter 2019,4,17,NONE,,001-0023,***,9/28/2018,217,3.1,87,5,44,***,,,,,,218,1,,,,,,,73.1,261.7,26,19,82,,,,,,High-A,,50,50
Winter 2018-2019,Winter 2018-2019,Science - General Science,Summary,2015,Fall 2018 - Winter 2019,4,17,NONE,,001-0024,3,9/28/2018,193,3.1,68,9,20,2/1/2019,202,3.1,83,6,21,196,3,9,4.4,6,Yes,1.2,88,66.7,164.1,12,8,67,,,,,,High-G/High-A,High-G/High-A,50,50
Winter 2018-2019,Winter 2018-2019,Science - General Science,Summary,2015,Fall 2018 - Winter 2019,4,17,NONE,,001-0025,5,9/28/2018,206,3.3,70,10,24,2/1/2019,214,3.2,85,6,27,208,2,8,4.6,6,Yes,1.2,89,73.1,261.7,26,19,82,,,,,,High-G/High-A,High-G/High-A,50,50
Winter 2018-2019,Winter 2018-2019,Science - General Science,Summary,2015,Fall 2018 - Winter 2019,4,17,NONE,,001-0027,6,9/28/2018,216,3.3,85,6,28,2/1/2019,219,3.1,87,5,79,217,1,3,4.5,2,Yes*,0.4,67,73.1,261.7,26,19,82,,,,,,High-G/High-A,High-G/High-A,50,50
Winter 2018-2019,Winter 2018-2019,Science - General Science,Summary,2015,Fall 2018 - Winter 2019,4,17,NONE,,001-0028,5,9/28/2018,215,3.2,91,4,36,2/1/2019,211,3.3,77,8,29,216,1,-4,4.6,-5,No,-1,16,73.1,261.7,26,19,82,,,,,,Low-G/High-A,Low-G/High-A,50,50
Winter 2018-2019,Winter 2018-2019,Science - General Science,Summary,2015,Fall 2018 - Winter 2019,4,17,NONE,,001-0029,7,9/28/2018,211,3.1,63,9,57,2/1/2019,220,3.1,83,6,71,213,2,9,4.4,7,Yes,1.6,94,90,718.2,10,9,95,,,,,,High-G/High-A,High-G/High-A,50,50
Winter 2018-2019,Winter 2018-2019,Science - General Science,Summary,2015,Fall 2018 - Winter 2019,4,17,NONE,,001-0030,5,9/28/2018,223,3.2,98,1,53,2/1/2019,216,3.2,89,4,63,224,1,-7,4.5,-8,No,-1.4,8,73.1,261.7,26,19,82,,,,,,Low-G/High-A,Low-G/High-A,50,50
Winter 2018-2019,Winter 2018-2019,Science - General Science,Summary,2015,Fall 2018 - Winter 2019,4,17,NONE,,001-0031,7,9/28/2018,240,3.4,99,<1,50,2/1/2019,240,3.2,99,<1,72,241,1,0,4.7,-1,No*,0.3,63,90,718.2,10,9,95,,,,,,Low-G/High-A,Low-G/High-A,50,50
Winter 2018-2019,Winter 2018-2019,Science - General Science,Summary,2015,Fall 2018 - Winter 2019,4,17,NONE,,001-0032,5,9/28/2018,209,3.1,79,7,58,2/1/2019,215,3.1,87,5,39,211,2,6,4.4,4,Yes*,0.9,82,73.1,261.7,26,19,82,,,,,,High-G/High-A,High-G/High-A,50,50
Winter 2018-2019,Winter 2018-2019,Science - General Science,Summary,2015,Fall 2018 - Winter 2019,4,17,NONE,,001-0033,3,9/28/2018,201,3.2,88,5,31,2/1/2019,205,3.1,89,5,33,203,2,4,4.5,2,Yes*,0.4,66,66.7,164.1,12,8,67,,,,,,High-G/High-A,High-G/High-A,50,50
Winter 2018-2019,Winter 2018-2019,Science - General Science,Summary,2015,Fall 2018 - Winter 2019,4,17,NONE,,001-0034,5,9/28/2018,213,3.1,88,5,37,2/1/2019,223,3.1,97,1,62,214,1,10,4.4,9,Yes,1.8,97,73.1,261.7,26,19,82,,,,,,High-G/High-A,High-G/High-A,50,50
Winter 2018-2019,Winter 2018-2019,Science - General Science,Summary,2015,Fall 2018 - Winter 2019,4,17,NONE,,001-0036,3,9/28/2018,194,3.6,71,10,57,2/1/2019,197,3.2,69,9,42,197,3,3,4.8,0,Yes*,0,50,66.7,164.1,12,8,67,,,,,,High-G/High-A,High-G/High-A,50,50
Winter 2018-2019,Winter 2018-2019,Science - General Science,Summary,2015,Fall 2018 - Winter 2019,4,17,NONE,,001-0037,5,9/28/2018,217,3.2,94,3,46,2/1/2019,220,3.2,94,3,39,218,1,3,4.5,2,Yes*,0.5,68,73.1,261.7,26,19,82,,,,,,High-G/High-A,High-G/High-A,50,50
Winter 2018-2019,Winter 2018-2019,Science - General Science,Summary,2015,Fall 2018 - Winter 2019,4,17,NONE,,001-0066,4,,,,,,,2/1/2019,234,3.2,99,<1,40,,,,,,,,,73.1,261.7,26,19,82,,,,,,,High-A,50,50
Winter 2018-2019,Winter 2018-2019,Science - General Science,Summary,2015,Fall 2018 - Winter 2019,4,17,NONE,,001-0039,5,9/28/2018,193,3.1,25,10,22,2/1/2019,189,3.1,9,6,20,197,4,-4,4.4,-8,No,-1.6,5,73.1,261.7,26,19,82,,,,,,Low-G/Low-A,Low-G/Low-A,50,50
Winter 2018-2019,Winter 2018-2019,Science - General Science,Summary,2015,Fall 2018 - Winter 2019,4,17,NONE,,001-0040,4,9/28/2018,220,3.2,99,<1,47,2/1/2019,214,3.1,93,3,28,221,1,-6,4.5,-7,No,-1.2,11,66.7,164.1,12,8,67,,,,,,Low-G/High-A,Low-G/High-A,50,50
Winter 2018-2019,Winter 2018-2019,Science - General Science,Summary,2015,Fall 2018 - Winter 2019,4,17,NONE,,001-0041,7,9/28/2018,228,3.2,96,2,41,2/6/2019,236,3.5,99,<1,42,229,1,8,4.7,7,Yes,1.6,95,90,718.2,10,9,95,,,,,,High-G/High-A,High-G/High-A,50,50
Winter 2018-2019,Winter 2018-2019,Science - General Science,Summary,2015,Fall 2018 - Winter 2019,4,17,NONE,,001-0042,5,9/28/2018,203,3.1,60,11,62,2/1/2019,220,3.1,94,3,56,206,3,17,4.4,14,Yes,3.1,99,73.1,261.7,26,19,82,,,,,,High-G/High-A,High-G/High-A,50,50
Winter 2018-2019,Winter 2018-2019,Science - General Science,Summary,2015,Fall 2018 - Winter 2019,4,17,NONE,,001-0075,6,,,,,,,2/4/2019,214,3.7,74,10,109,,,,,,,,,73.1,261.7,26,19,82,,,,,,,High-A,50,50
Winter 2018-2019,Winter 2018-2019,Science - General Science,Summary,2015,Fall 2018 - Winter 2019,4,17,NONE,,001-0044,7,9/28/2018,214,3.1,72,8,52,2/1/2019,227,3.1,94,2,127,215,1,13,4.4,12,Yes,2.5,99,90,718.2,10,9,95,,,,,,High-G/High-A,High-G/High-A,50,50
Winter 2018-2019,Winter 2018-2019,Science - General Science,Summary,2015,Fall 2018 - Winter 2019,4,17,NONE,,001-0046,5,9/28/2018,210,3.1,82,6,47,2/1/2019,215,3.1,87,5,49,212,2,5,4.4,3,Yes*,0.7,76,73.1,261.7,26,19,82,,,,,,High-G/High-A,High-G/High-A,50,50
Winter 2018-2019,Winter 2018-2019,Science - General Science,Summary,2015,Fall 2018 - Winter 2019,4,17,NONE,,001-0045,7,9/28/2018,226,3.1,95,2,42,2/1/2019,232,3.2,98,1,62,227,1,6,4.5,5,Yes,1.2,89,90,718.2,10,9,95,,,,,,High-G/High-A,High-G/High-A,50,50
Winter 2018-2019,Winter 2018-2019,Science - General Science,Summary,2015,Fall 2018 - Winter 2019,4,17,NONE,,001-0043,5,9/28/2018,221,3.1,97,2,37,2/1/2019,227,3.2,99,<1,41,222,1,6,4.5,5,Yes,1.2,89,73.1,261.7,26,19,82,,,,,,High-G/High-A,High-G/High-A,50,50
Winter 2018-2019,Winter 2018-2019,Science - General Science,Summary,2015,Fall 2018 - Winter 2019,4,17,NONE,,001-0047,5,9/28/2018,218,3.2,95,2,72,2/1/2019,227,3.2,99,<1,44,219,1,9,4.5,8,Yes,1.7,96,73.1,261.7,26,19,82,,,,,,High-G/High-A,High-G/High-A,50,50
Winter 2018-2019,Winter 2018-2019,Science - General Science,Summary,2015,Fall 2018 - Winter 2019,4,17,NONE,,001-0070,2,,,,,,,2/1/2019,216,3.2,,,44,,,,,,,,,66.7,164.1,12,8,67,,,,,,,,50,50
Winter 2018-2019,Winter 2018-2019,Science - General Science,Summary,2015,Fall 2018 - Winter 2019,4,17,NONE,,001-0048,3,9/28/2018,194,3.1,71,9,16,2/1/2019,192,3.1,51,11,15,197,3,-2,4.4,-5,No,-1.1,14,66.7,164.1,12,8,67,,,,,,Low-G/High-A,Low-G/High-A,50,50
Winter 2018-2019,Winter 2018-2019,Science - General Science,Summary,2015,Fall 2018 - Winter 2019,4,17,NONE,,001-0049,3,9/28/2018,195,3.1,74,8,44,2/1/2019,191,3.1,47,12,27,198,3,-4,4.4,-7,No,-1.4,7,66.7,164.1,12,8,67,,,,,,Low-G/High-A,Low-G/Low-A,50,50
Winter 2018-2019,Winter 2018-2019,Science - General Science,Summary,2015,Fall 2018 - Winter 2019,4,17,NONE,,001-0050,6,9/28/2018,211,3.1,72,9,41,2/1/2019,216,3.1,80,7,37,213,2,5,4.4,3,Yes*,0.7,76,73.1,261.7,26,19,82,,,,,,High-G/High-A,High-G/High-A,50,50
Winter 2018-2019,Winter 2018-2019,Science - General Science,Summary,2015,Fall 2018 - Winter 2019,4,17,NONE,,001-0065,6,9/28/2018,195,3.2,21,9,45,2/1/2019,212,3.2,68,10,42,198,3,17,4.5,14,Yes,2.8,99,73.1,261.7,26,19,82,,,,,,High-G/Low-A,High-G/High-A,50,50
Winter 2018-2019,Winter 2018-2019,Science - General Science,Summary,2015,Fall 2018 - Winter 2019,4,17,NONE,,001-0053,3,9/28/2018,194,3.1,71,9,36,2/1/2019,205,3.2,89,5,28,197,3,11,4.5,8,Yes,1.6,94,66.7,164.1,12,8,67,,,,,,High-G/High-A,High-G/High-A,50,50
Winter 2018-2019,Winter 2018-2019,Science - General Science,Summary,2015,Fall 2018 - Winter 2019,4,17,NONE,,001-0056,6,9/28/2018,225,3.1,97,1,64,2/1/2019,231,3.1,99,<1,56,226,1,6,4.4,5,Yes,1.2,89,73.1,261.7,26,19,82,,,,,,High-G/High-A,High-G/High-A,50,50
Winter 2018-2019,Winter 2018-2019,Science - General Science,Summary,2015,Fall 2018 - Winter 2019,4,17,NONE,,001-0055,4,9/28/2018,178,3.2,7,4,38,2/1/2019,186,3.2,13,7,22,184,6,8,4.5,2,Yes*,0.5,67,66.7,164.1,12,8,67,,,,,,High-G/Low-A,High-G/Low-A,50,50
Winter 2018-2019,Winter 2018-2019,Science - General Science,Summary,2015,Fall 2018 - Winter 2019,4,17,NONE,,001-0057,2,9/28/2018,184,3.1,,,37,2/1/2019,186,3.1,,,23,,,2,4.4,,,,,66.7,164.1,12,8,67,,,,,,,,50,50
Winter 2018-2019,Winter 2018-2019,Science - General Science,Summary,2015,Fall 2018 - Winter 2019,4,17,NONE,,001-0058,5,9/28/2018,186,3.2,10,6,39,2/1/2019,198,3.2,32,11,35,191,5,12,4.5,7,Yes,1.5,93,73.1,261.7,26,19,82,,,,,,High-G/Low-A,High-G/Low-A,50,50
Winter 2018-2019,Winter 2018-2019,Science - General Science,Summary,2015,Fall 2018 - Winter 2019,4,17,NONE,,001-0059,6,9/28/2018,184,3.2,4,3,23,2/1/2019,183,3.1,2,1,32,189,5,-1,4.5,-6,No,-1.2,12,73.1,261.7,26,19,82,,,,,,Low-G/Low-A,Low-G/Low-A,50,50
Winter 2018-2019,Winter 2018-2019,Science - General Science,Summary,2015,Fall 2018 - Winter 2019,4,17,NONE,,001-0060,4,9/28/2018,192,3.1,41,11,44,2/1/2019,203,3.1,68,10,35,196,4,11,4.4,7,Yes,1.5,94,66.7,164.1,12,8,67,,,,,,High-G/Low-A,High-G/High-A,50,50
Winter 2018-2019,Winter 2018-2019,Science - General Science,Summary,2015,Fall 2018 - Winter 2019,4,17,NONE,,61,4,9/28/2018,185,3.1,19,9,27,2/1/2019,180,3.1,4,4,21,190,5,-5,4.4,-10,No,-2.1,2,66.7,164.1,12,8,67,,,,,,Low-G/Low-A,Low-G/Low-A,50,50
Winter 2018-2019,Winter 2018-2019,Science - General Science,Summary,2015,Fall 2018 - Winter 2019,4,17,NONE,,001-0062,8,9/28/2018,225,3.2,89,4,60,2/1/2019,238,3.1,99,<1,67,226,1,13,4.5,12,Yes,2.6,99,90,718.2,10,9,95,,,,,,High-G/High-A,High-G/High-A,50,50
Winter 2018-2019,Winter 2018-2019,Science - General Science,Summary,2015,Fall 2018 - Winter 2019,4,17,NONE,,001-0063,5,9/28/2018,187,3.2,11,7,26,2/1/2019,197,3.1,28,11,16,192,5,10,4.5,5,Yes,1.1,87,73.1,261.7,26,19,82,,,,,,High-G/Low-A,High-G/Low-A,50,50
Winter 2018-2019,Winter 2018-2019,Science - General Science,Summary,2015,Fall 2018 - Winter 2019,4,17,NONE,,001-0071,3,,,,,,,2/1/2019,221,3.2,99,<1,28,,,,,,,,,66.7,164.1,12,8,67,,,,,,,High-A,50,50
